TestID,SortedArray,TimeComplexity(ns),SpaceComplexity(bytes),ArraySize,ArrayType,SortingMethod,TestPassed,Exception,ExecutionTime
TC_1,"['teuyz', 'ekdla', 'ioiej', 'pllda', 'unsgc', 'virjp', 'mbwje', 'uacdu', 'mteru', 'rlpgs', 'auopm', 'bkuzh', 'bkcgc', 'nffic', 'akhvc', 'dneqw', 'nyrmu', 'olpfx', 'rscby', 'xcppq', 'eegtu', 'gxrex', 'obzau', 'tfaxv', 'sqctg', 'kezfo', 'nsyfg', 'zpzna', 'wglru', 'thxuy', 'hlcws', 'kpwyu', 'yucnh', 'mapla', 'cwgeq', 'qoiqq', 'lykjo']",472100,145864,37,String,sortBubbleSort,true,None,2025-02-11 16:41:51
TC_1,"['teuyz', 'ekdla', 'ioiej', 'pllda', 'unsgc', 'virjp', 'mbwje', 'uacdu', 'mteru', 'rlpgs', 'auopm', 'bkuzh', 'bkcgc', 'nffic', 'akhvc', 'dneqw', 'nyrmu', 'olpfx', 'rscby', 'xcppq', 'eegtu', 'gxrex', 'obzau', 'tfaxv', 'sqctg', 'kezfo', 'nsyfg', 'zpzna', 'wglru', 'thxuy', 'hlcws', 'kpwyu', 'yucnh', 'mapla', 'cwgeq', 'qoiqq', 'lykjo']",826800,44312,37,String,sortQuickSort,true,None,2025-02-11 16:41:51
TC_1,"['teuyz', 'ekdla', 'ioiej', 'pllda', 'unsgc', 'virjp', 'mbwje', 'uacdu', 'mteru', 'rlpgs', 'auopm', 'bkuzh', 'bkcgc', 'nffic', 'akhvc', 'dneqw', 'nyrmu', 'olpfx', 'rscby', 'xcppq', 'eegtu', 'gxrex', 'obzau', 'tfaxv', 'sqctg', 'kezfo', 'nsyfg', 'zpzna', 'wglru', 'thxuy', 'hlcws', 'kpwyu', 'yucnh', 'mapla', 'cwgeq', 'qoiqq', 'lykjo']",605300,26656,37,String,sortSelectionSort,true,None,2025-02-11 16:41:51
TC_1,"['teuyz', 'ekdla', 'ioiej', 'pllda', 'unsgc', 'virjp', 'mbwje', 'uacdu', 'mteru', 'rlpgs', 'auopm', 'bkuzh', 'bkcgc', 'nffic', 'akhvc', 'dneqw', 'nyrmu', 'olpfx', 'rscby', 'xcppq', 'eegtu', 'gxrex', 'obzau', 'tfaxv', 'sqctg', 'kezfo', 'nsyfg', 'zpzna', 'wglru', 'thxuy', 'hlcws', 'kpwyu', 'yucnh', 'mapla', 'cwgeq', 'qoiqq', 'lykjo']",277700,26656,37,String,sortInsertionSort,true,None,2025-02-11 16:41:51
TC_1,"['teuyz', 'ekdla', 'ioiej', 'pllda', 'unsgc', 'virjp', 'mbwje', 'uacdu', 'mteru', 'rlpgs', 'auopm', 'bkuzh', 'bkcgc', 'nffic', 'akhvc', 'dneqw', 'nyrmu', 'olpfx', 'rscby', 'xcppq', 'eegtu', 'gxrex', 'obzau', 'tfaxv', 'sqctg', 'kezfo', 'nsyfg', 'zpzna', 'wglru', 'thxuy', 'hlcws', 'kpwyu', 'yucnh', 'mapla', 'cwgeq', 'qoiqq', 'lykjo']",667800,26656,37,String,sortHeapSort,true,None,2025-02-11 16:41:51
TC_1,"['teuyz', 'ekdla', 'ioiej', 'pllda', 'unsgc', 'virjp', 'mbwje', 'uacdu', 'mteru', 'rlpgs', 'auopm', 'bkuzh', 'bkcgc', 'nffic', 'akhvc', 'dneqw', 'nyrmu', 'olpfx', 'rscby', 'xcppq', 'eegtu', 'gxrex', 'obzau', 'tfaxv', 'sqctg', 'kezfo', 'nsyfg', 'zpzna', 'wglru', 'thxuy', 'hlcws', 'kpwyu', 'yucnh', 'mapla', 'cwgeq', 'qoiqq', 'lykjo']",386800,26656,37,String,sortMergeSort,true,None,2025-02-11 16:41:51
TC_2,"[914, 409, 868, 448, 224, 591, 240, 930, 819, 198, 21, 328, 691, 118, 801, 483, 684, 473, 332, 815, 445, 107, 481, 913, 199, 198, 800, 255, 590, 230, 708, 235, 391, 971, 614, 368, 684, 774, 644, 28, 346, 748, 349, 631]",245800,26680,44,Numeric,sortBubbleSort,true,None,2025-02-11 16:41:51
TC_2,"[914, 409, 868, 448, 224, 591, 240, 930, 819, 198, 21, 328, 691, 118, 801, 483, 684, 473, 332, 815, 445, 107, 481, 913, 199, 198, 800, 255, 590, 230, 708, 235, 391, 971, 614, 368, 684, 774, 644, 28, 346, 748, 349, 631]",111500,26680,44,Numeric,sortQuickSort,true,None,2025-02-11 16:41:51
TC_2,"[914, 409, 868, 448, 224, 591, 240, 930, 819, 198, 21, 328, 691, 118, 801, 483, 684, 473, 332, 815, 445, 107, 481, 913, 199, 198, 800, 255, 590, 230, 708, 235, 391, 971, 614, 368, 684, 774, 644, 28, 346, 748, 349, 631]",158800,26680,44,Numeric,sortSelectionSort,true,None,2025-02-11 16:41:51
TC_2,"[914, 409, 868, 448, 224, 591, 240, 930, 819, 198, 21, 328, 691, 118, 801, 483, 684, 473, 332, 815, 445, 107, 481, 913, 199, 198, 800, 255, 590, 230, 708, 235, 391, 971, 614, 368, 684, 774, 644, 28, 346, 748, 349, 631]",126200,26680,44,Numeric,sortInsertionSort,true,None,2025-02-11 16:41:51
TC_2,"[914, 409, 868, 448, 224, 591, 240, 930, 819, 198, 21, 328, 691, 118, 801, 483, 684, 473, 332, 815, 445, 107, 481, 913, 199, 198, 800, 255, 590, 230, 708, 235, 391, 971, 614, 368, 684, 774, 644, 28, 346, 748, 349, 631]",148800,26680,44,Numeric,sortHeapSort,true,None,2025-02-11 16:41:51
TC_2,"[914, 409, 868, 448, 224, 591, 240, 930, 819, 198, 21, 328, 691, 118, 801, 483, 684, 473, 332, 815, 445, 107, 481, 913, 199, 198, 800, 255, 590, 230, 708, 235, 391, 971, 614, 368, 684, 774, 644, 28, 346, 748, 349, 631]",163100,26680,44,Numeric,sortMergeSort,true,None,2025-02-11 16:41:51
TC_3,"['hdfjt', 'dkolj', 'ccyzo', 'asvkc', 'wryts', 'nmccf', 'anicv', 'bmpve', 'tpicv', 'mpgue', 'doebd', 'lpepj', 'dmhzn', 'bjcxv', 'uyixw', 'lgqca', 'ukbmy', 'qvmra', 'peasf', 'vkati', 'wesso', 'bpfdg', 'iaylr', 'bvomc', 'nkcnj', 'exmen', 'usvkf', 'vagwd', 'jskrx', 'zminn']",163400,26624,30,String,sortBubbleSort,true,None,2025-02-11 16:41:51
TC_3,"['hdfjt', 'dkolj', 'ccyzo', 'asvkc', 'wryts', 'nmccf', 'anicv', 'bmpve', 'tpicv', 'mpgue', 'doebd', 'lpepj', 'dmhzn', 'bjcxv', 'uyixw', 'lgqca', 'ukbmy', 'qvmra', 'peasf', 'vkati', 'wesso', 'bpfdg', 'iaylr', 'bvomc', 'nkcnj', 'exmen', 'usvkf', 'vagwd', 'jskrx', 'zminn']",103200,26624,30,String,sortQuickSort,true,None,2025-02-11 16:41:51
TC_3,"['hdfjt', 'dkolj', 'ccyzo', 'asvkc', 'wryts', 'nmccf', 'anicv', 'bmpve', 'tpicv', 'mpgue', 'doebd', 'lpepj', 'dmhzn', 'bjcxv', 'uyixw', 'lgqca', 'ukbmy', 'qvmra', 'peasf', 'vkati', 'wesso', 'bpfdg', 'iaylr', 'bvomc', 'nkcnj', 'exmen', 'usvkf', 'vagwd', 'jskrx', 'zminn']",154100,26624,30,String,sortSelectionSort,true,None,2025-02-11 16:41:51
TC_3,"['hdfjt', 'dkolj', 'ccyzo', 'asvkc', 'wryts', 'nmccf', 'anicv', 'bmpve', 'tpicv', 'mpgue', 'doebd', 'lpepj', 'dmhzn', 'bjcxv', 'uyixw', 'lgqca', 'ukbmy', 'qvmra', 'peasf', 'vkati', 'wesso', 'bpfdg', 'iaylr', 'bvomc', 'nkcnj', 'exmen', 'usvkf', 'vagwd', 'jskrx', 'zminn']",110200,26624,30,String,sortInsertionSort,true,None,2025-02-11 16:41:51
TC_3,"['hdfjt', 'dkolj', 'ccyzo', 'asvkc', 'wryts', 'nmccf', 'anicv', 'bmpve', 'tpicv', 'mpgue', 'doebd', 'lpepj', 'dmhzn', 'bjcxv', 'uyixw', 'lgqca', 'ukbmy', 'qvmra', 'peasf', 'vkati', 'wesso', 'bpfdg', 'iaylr', 'bvomc', 'nkcnj', 'exmen', 'usvkf', 'vagwd', 'jskrx', 'zminn']",148900,26624,30,String,sortHeapSort,true,None,2025-02-11 16:41:51
TC_3,"['hdfjt', 'dkolj', 'ccyzo', 'asvkc', 'wryts', 'nmccf', 'anicv', 'bmpve', 'tpicv', 'mpgue', 'doebd', 'lpepj', 'dmhzn', 'bjcxv', 'uyixw', 'lgqca', 'ukbmy', 'qvmra', 'peasf', 'vkati', 'wesso', 'bpfdg', 'iaylr', 'bvomc', 'nkcnj', 'exmen', 'usvkf', 'vagwd', 'jskrx', 'zminn']",127200,26624,30,String,sortMergeSort,true,None,2025-02-11 16:41:51
TC_4,"['bnrbb', 'shhhv', 'tykei', 'pbwib', 'vibld', 'lmxfr', 'tjsra', 'ztanf', 'mvxql', 'vilny', 'xsvko', 'tflon', 'pethl', 'rxoly', 'mtxiq', 'lrzrc', 'sfmnr', 'jhwwm', 'lquhi', 'zcuxp', 'efjrh', 'iotzg', 'kutei', 'suzot', 'yfdhr', 'aiqis', 'jypuy', 'obkiu', 'gxjwc', 'qpaov', 'eaxro', 'xpyqh', 'ymait', 'wzdau', 'hidyg', 'puynn', 'xmudw', 'trqog', 'xvlag', 'sfnqd', 'rhnnn', 'fpqlp', 'zuyow', 'gbwfv', 'ssfcc', 'iprlj']",265200,26688,46,String,sortBubbleSort,true,None,2025-02-11 16:41:51
TC_4,"['bnrbb', 'shhhv', 'tykei', 'pbwib', 'vibld', 'lmxfr', 'tjsra', 'ztanf', 'mvxql', 'vilny', 'xsvko', 'tflon', 'pethl', 'rxoly', 'mtxiq', 'lrzrc', 'sfmnr', 'jhwwm', 'lquhi', 'zcuxp', 'efjrh', 'iotzg', 'kutei', 'suzot', 'yfdhr', 'aiqis', 'jypuy', 'obkiu', 'gxjwc', 'qpaov', 'eaxro', 'xpyqh', 'ymait', 'wzdau', 'hidyg', 'puynn', 'xmudw', 'trqog', 'xvlag', 'sfnqd', 'rhnnn', 'fpqlp', 'zuyow', 'gbwfv', 'ssfcc', 'iprlj']",102500,26688,46,String,sortQuickSort,true,None,2025-02-11 16:41:51
TC_4,"['bnrbb', 'shhhv', 'tykei', 'pbwib', 'vibld', 'lmxfr', 'tjsra', 'ztanf', 'mvxql', 'vilny', 'xsvko', 'tflon', 'pethl', 'rxoly', 'mtxiq', 'lrzrc', 'sfmnr', 'jhwwm', 'lquhi', 'zcuxp', 'efjrh', 'iotzg', 'kutei', 'suzot', 'yfdhr', 'aiqis', 'jypuy', 'obkiu', 'gxjwc', 'qpaov', 'eaxro', 'xpyqh', 'ymait', 'wzdau', 'hidyg', 'puynn', 'xmudw', 'trqog', 'xvlag', 'sfnqd', 'rhnnn', 'fpqlp', 'zuyow', 'gbwfv', 'ssfcc', 'iprlj']",175000,26688,46,String,sortSelectionSort,true,None,2025-02-11 16:41:51
TC_4,"['bnrbb', 'shhhv', 'tykei', 'pbwib', 'vibld', 'lmxfr', 'tjsra', 'ztanf', 'mvxql', 'vilny', 'xsvko', 'tflon', 'pethl', 'rxoly', 'mtxiq', 'lrzrc', 'sfmnr', 'jhwwm', 'lquhi', 'zcuxp', 'efjrh', 'iotzg', 'kutei', 'suzot', 'yfdhr', 'aiqis', 'jypuy', 'obkiu', 'gxjwc', 'qpaov', 'eaxro', 'xpyqh', 'ymait', 'wzdau', 'hidyg', 'puynn', 'xmudw', 'trqog', 'xvlag', 'sfnqd', 'rhnnn', 'fpqlp', 'zuyow', 'gbwfv', 'ssfcc', 'iprlj']",127000,26688,46,String,sortInsertionSort,true,None,2025-02-11 16:41:51
TC_4,"['bnrbb', 'shhhv', 'tykei', 'pbwib', 'vibld', 'lmxfr', 'tjsra', 'ztanf', 'mvxql', 'vilny', 'xsvko', 'tflon', 'pethl', 'rxoly', 'mtxiq', 'lrzrc', 'sfmnr', 'jhwwm', 'lquhi', 'zcuxp', 'efjrh', 'iotzg', 'kutei', 'suzot', 'yfdhr', 'aiqis', 'jypuy', 'obkiu', 'gxjwc', 'qpaov', 'eaxro', 'xpyqh', 'ymait', 'wzdau', 'hidyg', 'puynn', 'xmudw', 'trqog', 'xvlag', 'sfnqd', 'rhnnn', 'fpqlp', 'zuyow', 'gbwfv', 'ssfcc', 'iprlj']",152100,26688,46,String,sortHeapSort,true,None,2025-02-11 16:41:51
TC_4,"['bnrbb', 'shhhv', 'tykei', 'pbwib', 'vibld', 'lmxfr', 'tjsra', 'ztanf', 'mvxql', 'vilny', 'xsvko', 'tflon', 'pethl', 'rxoly', 'mtxiq', 'lrzrc', 'sfmnr', 'jhwwm', 'lquhi', 'zcuxp', 'efjrh', 'iotzg', 'kutei', 'suzot', 'yfdhr', 'aiqis', 'jypuy', 'obkiu', 'gxjwc', 'qpaov', 'eaxro', 'xpyqh', 'ymait', 'wzdau', 'hidyg', 'puynn', 'xmudw', 'trqog', 'xvlag', 'sfnqd', 'rhnnn', 'fpqlp', 'zuyow', 'gbwfv', 'ssfcc', 'iprlj']",174600,26688,46,String,sortMergeSort,true,None,2025-02-11 16:41:51
TC_5,"[548, 325, 91, 699, 567, 578, 58, 411, 270, 31, 238, 509, 66, 624, 691, 669, 119, 46, 701, 403, 577, 853, 340, 962, 533, 341, 91, 383, 230, 625, 668, 656, 427, 111, 408, 420, 369, 530, 995, 195, 351, 824, 886, 748, 180, 981, 934, 765, 880, 482, 505, 379, 925, 335, 490, 57, 55, 80, 94, 263, 259, 390, 801, 22, 865, 458, 380, 588, 591, 870, 325, 337, 73, 449, 692, 24, 601, 730, 877, 108, 385, 203, 195, 213, 162, 57, 466, 343, 603, 654, 381, 193, 823, 24, 618, 589]",473900,26888,96,Numeric,sortBubbleSort,true,None,2025-02-11 16:41:51
TC_5,"[548, 325, 91, 699, 567, 578, 58, 411, 270, 31, 238, 509, 66, 624, 691, 669, 119, 46, 701, 403, 577, 853, 340, 962, 533, 341, 91, 383, 230, 625, 668, 656, 427, 111, 408, 420, 369, 530, 995, 195, 351, 824, 886, 748, 180, 981, 934, 765, 880, 482, 505, 379, 925, 335, 490, 57, 55, 80, 94, 263, 259, 390, 801, 22, 865, 458, 380, 588, 591, 870, 325, 337, 73, 449, 692, 24, 601, 730, 877, 108, 385, 203, 195, 213, 162, 57, 466, 343, 603, 654, 381, 193, 823, 24, 618, 589]",247500,26888,96,Numeric,sortQuickSort,true,None,2025-02-11 16:41:51
TC_5,"[548, 325, 91, 699, 567, 578, 58, 411, 270, 31, 238, 509, 66, 624, 691, 669, 119, 46, 701, 403, 577, 853, 340, 962, 533, 341, 91, 383, 230, 625, 668, 656, 427, 111, 408, 420, 369, 530, 995, 195, 351, 824, 886, 748, 180, 981, 934, 765, 880, 482, 505, 379, 925, 335, 490, 57, 55, 80, 94, 263, 259, 390, 801, 22, 865, 458, 380, 588, 591, 870, 325, 337, 73, 449, 692, 24, 601, 730, 877, 108, 385, 203, 195, 213, 162, 57, 466, 343, 603, 654, 381, 193, 823, 24, 618, 589]",418800,26888,96,Numeric,sortSelectionSort,true,None,2025-02-11 16:41:52
TC_5,"[548, 325, 91, 699, 567, 578, 58, 411, 270, 31, 238, 509, 66, 624, 691, 669, 119, 46, 701, 403, 577, 853, 340, 962, 533, 341, 91, 383, 230, 625, 668, 656, 427, 111, 408, 420, 369, 530, 995, 195, 351, 824, 886, 748, 180, 981, 934, 765, 880, 482, 505, 379, 925, 335, 490, 57, 55, 80, 94, 263, 259, 390, 801, 22, 865, 458, 380, 588, 591, 870, 325, 337, 73, 449, 692, 24, 601, 730, 877, 108, 385, 203, 195, 213, 162, 57, 466, 343, 603, 654, 381, 193, 823, 24, 618, 589]",348700,26888,96,Numeric,sortInsertionSort,true,None,2025-02-11 16:41:52
TC_5,"[548, 325, 91, 699, 567, 578, 58, 411, 270, 31, 238, 509, 66, 624, 691, 669, 119, 46, 701, 403, 577, 853, 340, 962, 533, 341, 91, 383, 230, 625, 668, 656, 427, 111, 408, 420, 369, 530, 995, 195, 351, 824, 886, 748, 180, 981, 934, 765, 880, 482, 505, 379, 925, 335, 490, 57, 55, 80, 94, 263, 259, 390, 801, 22, 865, 458, 380, 588, 591, 870, 325, 337, 73, 449, 692, 24, 601, 730, 877, 108, 385, 203, 195, 213, 162, 57, 466, 343, 603, 654, 381, 193, 823, 24, 618, 589]",272900,26888,96,Numeric,sortHeapSort,true,None,2025-02-11 16:41:52
TC_5,"[548, 325, 91, 699, 567, 578, 58, 411, 270, 31, 238, 509, 66, 624, 691, 669, 119, 46, 701, 403, 577, 853, 340, 962, 533, 341, 91, 383, 230, 625, 668, 656, 427, 111, 408, 420, 369, 530, 995, 195, 351, 824, 886, 748, 180, 981, 934, 765, 880, 482, 505, 379, 925, 335, 490, 57, 55, 80, 94, 263, 259, 390, 801, 22, 865, 458, 380, 588, 591, 870, 325, 337, 73, 449, 692, 24, 601, 730, 877, 108, 385, 203, 195, 213, 162, 57, 466, 343, 603, 654, 381, 193, 823, 24, 618, 589]",277500,26888,96,Numeric,sortMergeSort,true,None,2025-02-11 16:41:52
TC_6,"['ewsrt', 'nuimb', 'xrjmv', 'vrucy', 'kkwav', 'nvfwc', 'weyso', 'eiirn', 'lalja', 'kkuoj', 'moaez', 'zrseh', 'hcbqa', 'fhewu', 'njpbs', 'dubau', 'axejs', 'skbio', 'oguon', 'ozuks', 'rfmyd', 'szomg', 'cxlzq', 'pgvsd', 'yqtot', 'dwtzc', 'tcwjh', 'enudx', 'kekeu', 'lcxjn', 'cgbeg', 'vovsx', 'xhnfn', 'bcawn', 'vxobf', 'tulfq', 'nifsz', 'kalxw', 'knhpr', 'tzerm', 'jpiiz', 'jrqdd', 'ghfrq', 'qhvyr', 'ujrqq', 'hwjrv', 'apshn', 'xpqgw', 'ordnl', 'bfomn', 'rtesd', 'iqxoj', 'dizwb', 'onfol', 'oehqq', 'otdvk', 'gnrhp', 'uoosn']",302300,26736,58,String,sortBubbleSort,true,None,2025-02-11 16:41:52
TC_6,"['ewsrt', 'nuimb', 'xrjmv', 'vrucy', 'kkwav', 'nvfwc', 'weyso', 'eiirn', 'lalja', 'kkuoj', 'moaez', 'zrseh', 'hcbqa', 'fhewu', 'njpbs', 'dubau', 'axejs', 'skbio', 'oguon', 'ozuks', 'rfmyd', 'szomg', 'cxlzq', 'pgvsd', 'yqtot', 'dwtzc', 'tcwjh', 'enudx', 'kekeu', 'lcxjn', 'cgbeg', 'vovsx', 'xhnfn', 'bcawn', 'vxobf', 'tulfq', 'nifsz', 'kalxw', 'knhpr', 'tzerm', 'jpiiz', 'jrqdd', 'ghfrq', 'qhvyr', 'ujrqq', 'hwjrv', 'apshn', 'xpqgw', 'ordnl', 'bfomn', 'rtesd', 'iqxoj', 'dizwb', 'onfol', 'oehqq', 'otdvk', 'gnrhp', 'uoosn']",194800,26736,58,String,sortQuickSort,true,None,2025-02-11 16:41:52
TC_6,"['ewsrt', 'nuimb', 'xrjmv', 'vrucy', 'kkwav', 'nvfwc', 'weyso', 'eiirn', 'lalja', 'kkuoj', 'moaez', 'zrseh', 'hcbqa', 'fhewu', 'njpbs', 'dubau', 'axejs', 'skbio', 'oguon', 'ozuks', 'rfmyd', 'szomg', 'cxlzq', 'pgvsd', 'yqtot', 'dwtzc', 'tcwjh', 'enudx', 'kekeu', 'lcxjn', 'cgbeg', 'vovsx', 'xhnfn', 'bcawn', 'vxobf', 'tulfq', 'nifsz', 'kalxw', 'knhpr', 'tzerm', 'jpiiz', 'jrqdd', 'ghfrq', 'qhvyr', 'ujrqq', 'hwjrv', 'apshn', 'xpqgw', 'ordnl', 'bfomn', 'rtesd', 'iqxoj', 'dizwb', 'onfol', 'oehqq', 'otdvk', 'gnrhp', 'uoosn']",230400,26736,58,String,sortSelectionSort,true,None,2025-02-11 16:41:52
TC_6,"['ewsrt', 'nuimb', 'xrjmv', 'vrucy', 'kkwav', 'nvfwc', 'weyso', 'eiirn', 'lalja', 'kkuoj', 'moaez', 'zrseh', 'hcbqa', 'fhewu', 'njpbs', 'dubau', 'axejs', 'skbio', 'oguon', 'ozuks', 'rfmyd', 'szomg', 'cxlzq', 'pgvsd', 'yqtot', 'dwtzc', 'tcwjh', 'enudx', 'kekeu', 'lcxjn', 'cgbeg', 'vovsx', 'xhnfn', 'bcawn', 'vxobf', 'tulfq', 'nifsz', 'kalxw', 'knhpr', 'tzerm', 'jpiiz', 'jrqdd', 'ghfrq', 'qhvyr', 'ujrqq', 'hwjrv', 'apshn', 'xpqgw', 'ordnl', 'bfomn', 'rtesd', 'iqxoj', 'dizwb', 'onfol', 'oehqq', 'otdvk', 'gnrhp', 'uoosn']",267500,26736,58,String,sortInsertionSort,true,None,2025-02-11 16:41:52
TC_6,"['ewsrt', 'nuimb', 'xrjmv', 'vrucy', 'kkwav', 'nvfwc', 'weyso', 'eiirn', 'lalja', 'kkuoj', 'moaez', 'zrseh', 'hcbqa', 'fhewu', 'njpbs', 'dubau', 'axejs', 'skbio', 'oguon', 'ozuks', 'rfmyd', 'szomg', 'cxlzq', 'pgvsd', 'yqtot', 'dwtzc', 'tcwjh', 'enudx', 'kekeu', 'lcxjn', 'cgbeg', 'vovsx', 'xhnfn', 'bcawn', 'vxobf', 'tulfq', 'nifsz', 'kalxw', 'knhpr', 'tzerm', 'jpiiz', 'jrqdd', 'ghfrq', 'qhvyr', 'ujrqq', 'hwjrv', 'apshn', 'xpqgw', 'ordnl', 'bfomn', 'rtesd', 'iqxoj', 'dizwb', 'onfol', 'oehqq', 'otdvk', 'gnrhp', 'uoosn']",197600,26736,58,String,sortHeapSort,true,None,2025-02-11 16:41:52
TC_6,"['ewsrt', 'nuimb', 'xrjmv', 'vrucy', 'kkwav', 'nvfwc', 'weyso', 'eiirn', 'lalja', 'kkuoj', 'moaez', 'zrseh', 'hcbqa', 'fhewu', 'njpbs', 'dubau', 'axejs', 'skbio', 'oguon', 'ozuks', 'rfmyd', 'szomg', 'cxlzq', 'pgvsd', 'yqtot', 'dwtzc', 'tcwjh', 'enudx', 'kekeu', 'lcxjn', 'cgbeg', 'vovsx', 'xhnfn', 'bcawn', 'vxobf', 'tulfq', 'nifsz', 'kalxw', 'knhpr', 'tzerm', 'jpiiz', 'jrqdd', 'ghfrq', 'qhvyr', 'ujrqq', 'hwjrv', 'apshn', 'xpqgw', 'ordnl', 'bfomn', 'rtesd', 'iqxoj', 'dizwb', 'onfol', 'oehqq', 'otdvk', 'gnrhp', 'uoosn']",254200,26736,58,String,sortMergeSort,true,None,2025-02-11 16:41:52
TC_7,"['ffzlf', 'noypz', 'zxotn', 'gympl', 'tsugs', 'wuwbb', 'cjevw', 'xntpo', 'pfvas', 'hidrs', 'fkwei', 'eigwu', 'rqjto', 'utzvj', 'xnfnd', 'abyfi', 'hedvj', 'isfhi', 'pnnpn', 'semzp', 'umtng', 'grmgo', 'uxemi', 'nyqax', 'xvdnj', 'qnuyb', 'ijfeb', 'gkvat', 'fmqpv', 'rvukl', 'yjxtl', 'dmoaa', 'soqzb', 'ephoy', 'mgkff', 'fpfpp', 'tdxys', 'kznwz', 'ajcft', 'cdedp', 'pufew', 'dtstt', 'darli', 'dqdjy', 'qvrrg', 'rstgz', 'btcol', 'oyecl', 'vcvjy', 'wzbjk', 'fjmql', 'ufguw', 'qfejq', 'ktdlz', 'nyqsq', 'gxvqo', 'vgnvk', 'zgrqu', 'cztkm', 'jasno', 'ugsbl', 'dwgoj', 'oxgkf', 'eagyn', 'dnewe', 'qvoxv', 'hxjsg', 'hgpsu', 'jxtsp', 'togdx', 'bhngd', 'rczvp', 'mzurk', 'tamoj', 'ahwvt', 'seugv', 'akxnx', 'rhqyg', 'addwy', 'evwlt']",394900,26824,80,String,sortBubbleSort,true,None,2025-02-11 16:41:52
TC_7,"['ffzlf', 'noypz', 'zxotn', 'gympl', 'tsugs', 'wuwbb', 'cjevw', 'xntpo', 'pfvas', 'hidrs', 'fkwei', 'eigwu', 'rqjto', 'utzvj', 'xnfnd', 'abyfi', 'hedvj', 'isfhi', 'pnnpn', 'semzp', 'umtng', 'grmgo', 'uxemi', 'nyqax', 'xvdnj', 'qnuyb', 'ijfeb', 'gkvat', 'fmqpv', 'rvukl', 'yjxtl', 'dmoaa', 'soqzb', 'ephoy', 'mgkff', 'fpfpp', 'tdxys', 'kznwz', 'ajcft', 'cdedp', 'pufew', 'dtstt', 'darli', 'dqdjy', 'qvrrg', 'rstgz', 'btcol', 'oyecl', 'vcvjy', 'wzbjk', 'fjmql', 'ufguw', 'qfejq', 'ktdlz', 'nyqsq', 'gxvqo', 'vgnvk', 'zgrqu', 'cztkm', 'jasno', 'ugsbl', 'dwgoj', 'oxgkf', 'eagyn', 'dnewe', 'qvoxv', 'hxjsg', 'hgpsu', 'jxtsp', 'togdx', 'bhngd', 'rczvp', 'mzurk', 'tamoj', 'ahwvt', 'seugv', 'akxnx', 'rhqyg', 'addwy', 'evwlt']",137800,26824,80,String,sortQuickSort,true,None,2025-02-11 16:41:52
TC_7,"['ffzlf', 'noypz', 'zxotn', 'gympl', 'tsugs', 'wuwbb', 'cjevw', 'xntpo', 'pfvas', 'hidrs', 'fkwei', 'eigwu', 'rqjto', 'utzvj', 'xnfnd', 'abyfi', 'hedvj', 'isfhi', 'pnnpn', 'semzp', 'umtng', 'grmgo', 'uxemi', 'nyqax', 'xvdnj', 'qnuyb', 'ijfeb', 'gkvat', 'fmqpv', 'rvukl', 'yjxtl', 'dmoaa', 'soqzb', 'ephoy', 'mgkff', 'fpfpp', 'tdxys', 'kznwz', 'ajcft', 'cdedp', 'pufew', 'dtstt', 'darli', 'dqdjy', 'qvrrg', 'rstgz', 'btcol', 'oyecl', 'vcvjy', 'wzbjk', 'fjmql', 'ufguw', 'qfejq', 'ktdlz', 'nyqsq', 'gxvqo', 'vgnvk', 'zgrqu', 'cztkm', 'jasno', 'ugsbl', 'dwgoj', 'oxgkf', 'eagyn', 'dnewe', 'qvoxv', 'hxjsg', 'hgpsu', 'jxtsp', 'togdx', 'bhngd', 'rczvp', 'mzurk', 'tamoj', 'ahwvt', 'seugv', 'akxnx', 'rhqyg', 'addwy', 'evwlt']",236600,26824,80,String,sortSelectionSort,true,None,2025-02-11 16:41:52
TC_7,"['ffzlf', 'noypz', 'zxotn', 'gympl', 'tsugs', 'wuwbb', 'cjevw', 'xntpo', 'pfvas', 'hidrs', 'fkwei', 'eigwu', 'rqjto', 'utzvj', 'xnfnd', 'abyfi', 'hedvj', 'isfhi', 'pnnpn', 'semzp', 'umtng', 'grmgo', 'uxemi', 'nyqax', 'xvdnj', 'qnuyb', 'ijfeb', 'gkvat', 'fmqpv', 'rvukl', 'yjxtl', 'dmoaa', 'soqzb', 'ephoy', 'mgkff', 'fpfpp', 'tdxys', 'kznwz', 'ajcft', 'cdedp', 'pufew', 'dtstt', 'darli', 'dqdjy', 'qvrrg', 'rstgz', 'btcol', 'oyecl', 'vcvjy', 'wzbjk', 'fjmql', 'ufguw', 'qfejq', 'ktdlz', 'nyqsq', 'gxvqo', 'vgnvk', 'zgrqu', 'cztkm', 'jasno', 'ugsbl', 'dwgoj', 'oxgkf', 'eagyn', 'dnewe', 'qvoxv', 'hxjsg', 'hgpsu', 'jxtsp', 'togdx', 'bhngd', 'rczvp', 'mzurk', 'tamoj', 'ahwvt', 'seugv', 'akxnx', 'rhqyg', 'addwy', 'evwlt']",206500,26824,80,String,sortInsertionSort,true,None,2025-02-11 16:41:52
TC_7,"['ffzlf', 'noypz', 'zxotn', 'gympl', 'tsugs', 'wuwbb', 'cjevw', 'xntpo', 'pfvas', 'hidrs', 'fkwei', 'eigwu', 'rqjto', 'utzvj', 'xnfnd', 'abyfi', 'hedvj', 'isfhi', 'pnnpn', 'semzp', 'umtng', 'grmgo', 'uxemi', 'nyqax', 'xvdnj', 'qnuyb', 'ijfeb', 'gkvat', 'fmqpv', 'rvukl', 'yjxtl', 'dmoaa', 'soqzb', 'ephoy', 'mgkff', 'fpfpp', 'tdxys', 'kznwz', 'ajcft', 'cdedp', 'pufew', 'dtstt', 'darli', 'dqdjy', 'qvrrg', 'rstgz', 'btcol', 'oyecl', 'vcvjy', 'wzbjk', 'fjmql', 'ufguw', 'qfejq', 'ktdlz', 'nyqsq', 'gxvqo', 'vgnvk', 'zgrqu', 'cztkm', 'jasno', 'ugsbl', 'dwgoj', 'oxgkf', 'eagyn', 'dnewe', 'qvoxv', 'hxjsg', 'hgpsu', 'jxtsp', 'togdx', 'bhngd', 'rczvp', 'mzurk', 'tamoj', 'ahwvt', 'seugv', 'akxnx', 'rhqyg', 'addwy', 'evwlt']",154600,26824,80,String,sortHeapSort,true,None,2025-02-11 16:41:52
TC_7,"['ffzlf', 'noypz', 'zxotn', 'gympl', 'tsugs', 'wuwbb', 'cjevw', 'xntpo', 'pfvas', 'hidrs', 'fkwei', 'eigwu', 'rqjto', 'utzvj', 'xnfnd', 'abyfi', 'hedvj', 'isfhi', 'pnnpn', 'semzp', 'umtng', 'grmgo', 'uxemi', 'nyqax', 'xvdnj', 'qnuyb', 'ijfeb', 'gkvat', 'fmqpv', 'rvukl', 'yjxtl', 'dmoaa', 'soqzb', 'ephoy', 'mgkff', 'fpfpp', 'tdxys', 'kznwz', 'ajcft', 'cdedp', 'pufew', 'dtstt', 'darli', 'dqdjy', 'qvrrg', 'rstgz', 'btcol', 'oyecl', 'vcvjy', 'wzbjk', 'fjmql', 'ufguw', 'qfejq', 'ktdlz', 'nyqsq', 'gxvqo', 'vgnvk', 'zgrqu', 'cztkm', 'jasno', 'ugsbl', 'dwgoj', 'oxgkf', 'eagyn', 'dnewe', 'qvoxv', 'hxjsg', 'hgpsu', 'jxtsp', 'togdx', 'bhngd', 'rczvp', 'mzurk', 'tamoj', 'ahwvt', 'seugv', 'akxnx', 'rhqyg', 'addwy', 'evwlt']",220000,26824,80,String,sortMergeSort,true,None,2025-02-11 16:41:52
TC_8,"[180, 95, 98, 761, 190, 358, 429, 37, 384, 321, 436, 346, 129, 152, 960, 848, 833, 232, 983, 365, 101, 331, 67, 382, 621, 926, 287, 109, 268, 488, 625, 808, 112, 714, 326, 146, 378, 654, 677, 625, 866, 828, 255, 268, 511, 370, 930, 729, 955, 193, 784, 520, 512, 842, 481, 732, 414, 274]",151200,26736,58,Numeric,sortBubbleSort,true,None,2025-02-11 16:41:52
TC_8,"[180, 95, 98, 761, 190, 358, 429, 37, 384, 321, 436, 346, 129, 152, 960, 848, 833, 232, 983, 365, 101, 331, 67, 382, 621, 926, 287, 109, 268, 488, 625, 808, 112, 714, 326, 146, 378, 654, 677, 625, 866, 828, 255, 268, 511, 370, 930, 729, 955, 193, 784, 520, 512, 842, 481, 732, 414, 274]",153500,26736,58,Numeric,sortQuickSort,true,None,2025-02-11 16:41:52
TC_8,"[180, 95, 98, 761, 190, 358, 429, 37, 384, 321, 436, 346, 129, 152, 960, 848, 833, 232, 983, 365, 101, 331, 67, 382, 621, 926, 287, 109, 268, 488, 625, 808, 112, 714, 326, 146, 378, 654, 677, 625, 866, 828, 255, 268, 511, 370, 930, 729, 955, 193, 784, 520, 512, 842, 481, 732, 414, 274]",278400,26736,58,Numeric,sortSelectionSort,true,None,2025-02-11 16:41:52
TC_8,"[180, 95, 98, 761, 190, 358, 429, 37, 384, 321, 436, 346, 129, 152, 960, 848, 833, 232, 983, 365, 101, 331, 67, 382, 621, 926, 287, 109, 268, 488, 625, 808, 112, 714, 326, 146, 378, 654, 677, 625, 866, 828, 255, 268, 511, 370, 930, 729, 955, 193, 784, 520, 512, 842, 481, 732, 414, 274]",239200,26736,58,Numeric,sortInsertionSort,true,None,2025-02-11 16:41:52
TC_8,"[180, 95, 98, 761, 190, 358, 429, 37, 384, 321, 436, 346, 129, 152, 960, 848, 833, 232, 983, 365, 101, 331, 67, 382, 621, 926, 287, 109, 268, 488, 625, 808, 112, 714, 326, 146, 378, 654, 677, 625, 866, 828, 255, 268, 511, 370, 930, 729, 955, 193, 784, 520, 512, 842, 481, 732, 414, 274]",188400,26736,58,Numeric,sortHeapSort,true,None,2025-02-11 16:41:52
TC_8,"[180, 95, 98, 761, 190, 358, 429, 37, 384, 321, 436, 346, 129, 152, 960, 848, 833, 232, 983, 365, 101, 331, 67, 382, 621, 926, 287, 109, 268, 488, 625, 808, 112, 714, 326, 146, 378, 654, 677, 625, 866, 828, 255, 268, 511, 370, 930, 729, 955, 193, 784, 520, 512, 842, 481, 732, 414, 274]",289200,26736,58,Numeric,sortMergeSort,true,None,2025-02-11 16:41:52
TC_9,"['sbtzr', 'nluvi', 'mhnzy', 'feivg', 'yblzv', 'pukra', 'wyqhs', 'jtdah', 'qqkly', 'qfzgu', 'dkadm', 'lduno', 'ilnml', 'mqgem', 'cnwvm', 'aakha', 'lfmhp', 'mtcdr', 'lfwjh', 'mdnhj', 'jpcjx', 'rhyhj', 'wjaln', 'qcrfw', 'nqrna', 'hyhek', 'lnrkk', 'ldgfy', 'xlzrv', 'aqjdm', 'xnuli', 'ctwtn', 'ogvzt', 'tpotg', 'zrkeo', 'xixnj', 'uulog', 'gpqqq', 'rbvme', 'slqtv', 'kineq', 'lbrze', 'qlubi', 'djtnw', 'esikv', 'dvlad', 'erqyp']",269200,26696,47,String,sortBubbleSort,true,None,2025-02-11 16:41:52
TC_9,"['sbtzr', 'nluvi', 'mhnzy', 'feivg', 'yblzv', 'pukra', 'wyqhs', 'jtdah', 'qqkly', 'qfzgu', 'dkadm', 'lduno', 'ilnml', 'mqgem', 'cnwvm', 'aakha', 'lfmhp', 'mtcdr', 'lfwjh', 'mdnhj', 'jpcjx', 'rhyhj', 'wjaln', 'qcrfw', 'nqrna', 'hyhek', 'lnrkk', 'ldgfy', 'xlzrv', 'aqjdm', 'xnuli', 'ctwtn', 'ogvzt', 'tpotg', 'zrkeo', 'xixnj', 'uulog', 'gpqqq', 'rbvme', 'slqtv', 'kineq', 'lbrze', 'qlubi', 'djtnw', 'esikv', 'dvlad', 'erqyp']",568500,26696,47,String,sortQuickSort,true,None,2025-02-11 16:41:52
TC_9,"['sbtzr', 'nluvi', 'mhnzy', 'feivg', 'yblzv', 'pukra', 'wyqhs', 'jtdah', 'qqkly', 'qfzgu', 'dkadm', 'lduno', 'ilnml', 'mqgem', 'cnwvm', 'aakha', 'lfmhp', 'mtcdr', 'lfwjh', 'mdnhj', 'jpcjx', 'rhyhj', 'wjaln', 'qcrfw', 'nqrna', 'hyhek', 'lnrkk', 'ldgfy', 'xlzrv', 'aqjdm', 'xnuli', 'ctwtn', 'ogvzt', 'tpotg', 'zrkeo', 'xixnj', 'uulog', 'gpqqq', 'rbvme', 'slqtv', 'kineq', 'lbrze', 'qlubi', 'djtnw', 'esikv', 'dvlad', 'erqyp']",147400,26696,47,String,sortSelectionSort,true,None,2025-02-11 16:41:52
TC_9,"['sbtzr', 'nluvi', 'mhnzy', 'feivg', 'yblzv', 'pukra', 'wyqhs', 'jtdah', 'qqkly', 'qfzgu', 'dkadm', 'lduno', 'ilnml', 'mqgem', 'cnwvm', 'aakha', 'lfmhp', 'mtcdr', 'lfwjh', 'mdnhj', 'jpcjx', 'rhyhj', 'wjaln', 'qcrfw', 'nqrna', 'hyhek', 'lnrkk', 'ldgfy', 'xlzrv', 'aqjdm', 'xnuli', 'ctwtn', 'ogvzt', 'tpotg', 'zrkeo', 'xixnj', 'uulog', 'gpqqq', 'rbvme', 'slqtv', 'kineq', 'lbrze', 'qlubi', 'djtnw', 'esikv', 'dvlad', 'erqyp']",168800,26696,47,String,sortInsertionSort,true,None,2025-02-11 16:41:52
TC_9,"['sbtzr', 'nluvi', 'mhnzy', 'feivg', 'yblzv', 'pukra', 'wyqhs', 'jtdah', 'qqkly', 'qfzgu', 'dkadm', 'lduno', 'ilnml', 'mqgem', 'cnwvm', 'aakha', 'lfmhp', 'mtcdr', 'lfwjh', 'mdnhj', 'jpcjx', 'rhyhj', 'wjaln', 'qcrfw', 'nqrna', 'hyhek', 'lnrkk', 'ldgfy', 'xlzrv', 'aqjdm', 'xnuli', 'ctwtn', 'ogvzt', 'tpotg', 'zrkeo', 'xixnj', 'uulog', 'gpqqq', 'rbvme', 'slqtv', 'kineq', 'lbrze', 'qlubi', 'djtnw', 'esikv', 'dvlad', 'erqyp']",162600,26696,47,String,sortHeapSort,true,None,2025-02-11 16:41:52
TC_9,"['sbtzr', 'nluvi', 'mhnzy', 'feivg', 'yblzv', 'pukra', 'wyqhs', 'jtdah', 'qqkly', 'qfzgu', 'dkadm', 'lduno', 'ilnml', 'mqgem', 'cnwvm', 'aakha', 'lfmhp', 'mtcdr', 'lfwjh', 'mdnhj', 'jpcjx', 'rhyhj', 'wjaln', 'qcrfw', 'nqrna', 'hyhek', 'lnrkk', 'ldgfy', 'xlzrv', 'aqjdm', 'xnuli', 'ctwtn', 'ogvzt', 'tpotg', 'zrkeo', 'xixnj', 'uulog', 'gpqqq', 'rbvme', 'slqtv', 'kineq', 'lbrze', 'qlubi', 'djtnw', 'esikv', 'dvlad', 'erqyp']",85200,26696,47,String,sortMergeSort,true,None,2025-02-11 16:41:52
TC_10,"['cfuzd', 'bwbef', 'qfjlo', 'jqsvy', 'ywucx', 'iieih', 'rkvdk', 'xfzdu', 'fopyw', 'mbpiy', 'rplri', 'uqdex', 'vvjcb', 'wjeso', 'mrtff', 'nfgou', 'aoqts', 'qlalh', 'tfpjl', 'thubt', 'pzwng', 'ivtde', 'auzmp', 'xuojq', 'dcgbf', 'kbbri', 'lbtnf', 'rtfdt', 'boqgo', 'vpkbd', 'myoko', 'osovn', 'uvwck', 'srjmd', 'xdlbb', 'zvgzt', 'kuunr', 'zajbs', 'yexrh', 'vdlqn', 'rwnxe', 'kfars', 'oqnjy', 'vrvjb', 'wukiz', 'gazgr', 'cyahr', 'yuwbb', 'ysclc', 'wqwps', 'ubewp', 'byues', 'pjgcn', 'paxfa', 'neoou', 'hcrxo', 'iamvw', 'fiveb', 'tuwzj', 'utqzs', 'dnglv', 'texsy', 'txvvj', 'gegtd', 'rjzdd', 'fzknc', 'kirof', 'ccziz', 'gwhtp', 'snfwu', 'xyial', 'mstrr', 'fhsyh', 'tjrao', 'mhgiz', 'xvxgm', 'smhdu', 'ynlzi', 'zwpjc', 'ebwtz', 'ukzoz', 'iingr', 'yufnv', 'ysuzl', 'mujos', 'lexbc']",284700,26848,86,String,sortBubbleSort,true,None,2025-02-11 16:41:53
TC_10,"['cfuzd', 'bwbef', 'qfjlo', 'jqsvy', 'ywucx', 'iieih', 'rkvdk', 'xfzdu', 'fopyw', 'mbpiy', 'rplri', 'uqdex', 'vvjcb', 'wjeso', 'mrtff', 'nfgou', 'aoqts', 'qlalh', 'tfpjl', 'thubt', 'pzwng', 'ivtde', 'auzmp', 'xuojq', 'dcgbf', 'kbbri', 'lbtnf', 'rtfdt', 'boqgo', 'vpkbd', 'myoko', 'osovn', 'uvwck', 'srjmd', 'xdlbb', 'zvgzt', 'kuunr', 'zajbs', 'yexrh', 'vdlqn', 'rwnxe', 'kfars', 'oqnjy', 'vrvjb', 'wukiz', 'gazgr', 'cyahr', 'yuwbb', 'ysclc', 'wqwps', 'ubewp', 'byues', 'pjgcn', 'paxfa', 'neoou', 'hcrxo', 'iamvw', 'fiveb', 'tuwzj', 'utqzs', 'dnglv', 'texsy', 'txvvj', 'gegtd', 'rjzdd', 'fzknc', 'kirof', 'ccziz', 'gwhtp', 'snfwu', 'xyial', 'mstrr', 'fhsyh', 'tjrao', 'mhgiz', 'xvxgm', 'smhdu', 'ynlzi', 'zwpjc', 'ebwtz', 'ukzoz', 'iingr', 'yufnv', 'ysuzl', 'mujos', 'lexbc']",125900,26848,86,String,sortQuickSort,true,None,2025-02-11 16:41:53
TC_10,"['cfuzd', 'bwbef', 'qfjlo', 'jqsvy', 'ywucx', 'iieih', 'rkvdk', 'xfzdu', 'fopyw', 'mbpiy', 'rplri', 'uqdex', 'vvjcb', 'wjeso', 'mrtff', 'nfgou', 'aoqts', 'qlalh', 'tfpjl', 'thubt', 'pzwng', 'ivtde', 'auzmp', 'xuojq', 'dcgbf', 'kbbri', 'lbtnf', 'rtfdt', 'boqgo', 'vpkbd', 'myoko', 'osovn', 'uvwck', 'srjmd', 'xdlbb', 'zvgzt', 'kuunr', 'zajbs', 'yexrh', 'vdlqn', 'rwnxe', 'kfars', 'oqnjy', 'vrvjb', 'wukiz', 'gazgr', 'cyahr', 'yuwbb', 'ysclc', 'wqwps', 'ubewp', 'byues', 'pjgcn', 'paxfa', 'neoou', 'hcrxo', 'iamvw', 'fiveb', 'tuwzj', 'utqzs', 'dnglv', 'texsy', 'txvvj', 'gegtd', 'rjzdd', 'fzknc', 'kirof', 'ccziz', 'gwhtp', 'snfwu', 'xyial', 'mstrr', 'fhsyh', 'tjrao', 'mhgiz', 'xvxgm', 'smhdu', 'ynlzi', 'zwpjc', 'ebwtz', 'ukzoz', 'iingr', 'yufnv', 'ysuzl', 'mujos', 'lexbc']",229200,26848,86,String,sortSelectionSort,true,None,2025-02-11 16:41:53
TC_10,"['cfuzd', 'bwbef', 'qfjlo', 'jqsvy', 'ywucx', 'iieih', 'rkvdk', 'xfzdu', 'fopyw', 'mbpiy', 'rplri', 'uqdex', 'vvjcb', 'wjeso', 'mrtff', 'nfgou', 'aoqts', 'qlalh', 'tfpjl', 'thubt', 'pzwng', 'ivtde', 'auzmp', 'xuojq', 'dcgbf', 'kbbri', 'lbtnf', 'rtfdt', 'boqgo', 'vpkbd', 'myoko', 'osovn', 'uvwck', 'srjmd', 'xdlbb', 'zvgzt', 'kuunr', 'zajbs', 'yexrh', 'vdlqn', 'rwnxe', 'kfars', 'oqnjy', 'vrvjb', 'wukiz', 'gazgr', 'cyahr', 'yuwbb', 'ysclc', 'wqwps', 'ubewp', 'byues', 'pjgcn', 'paxfa', 'neoou', 'hcrxo', 'iamvw', 'fiveb', 'tuwzj', 'utqzs', 'dnglv', 'texsy', 'txvvj', 'gegtd', 'rjzdd', 'fzknc', 'kirof', 'ccziz', 'gwhtp', 'snfwu', 'xyial', 'mstrr', 'fhsyh', 'tjrao', 'mhgiz', 'xvxgm', 'smhdu', 'ynlzi', 'zwpjc', 'ebwtz', 'ukzoz', 'iingr', 'yufnv', 'ysuzl', 'mujos', 'lexbc']",256800,26848,86,String,sortInsertionSort,true,None,2025-02-11 16:41:53
TC_10,"['cfuzd', 'bwbef', 'qfjlo', 'jqsvy', 'ywucx', 'iieih', 'rkvdk', 'xfzdu', 'fopyw', 'mbpiy', 'rplri', 'uqdex', 'vvjcb', 'wjeso', 'mrtff', 'nfgou', 'aoqts', 'qlalh', 'tfpjl', 'thubt', 'pzwng', 'ivtde', 'auzmp', 'xuojq', 'dcgbf', 'kbbri', 'lbtnf', 'rtfdt', 'boqgo', 'vpkbd', 'myoko', 'osovn', 'uvwck', 'srjmd', 'xdlbb', 'zvgzt', 'kuunr', 'zajbs', 'yexrh', 'vdlqn', 'rwnxe', 'kfars', 'oqnjy', 'vrvjb', 'wukiz', 'gazgr', 'cyahr', 'yuwbb', 'ysclc', 'wqwps', 'ubewp', 'byues', 'pjgcn', 'paxfa', 'neoou', 'hcrxo', 'iamvw', 'fiveb', 'tuwzj', 'utqzs', 'dnglv', 'texsy', 'txvvj', 'gegtd', 'rjzdd', 'fzknc', 'kirof', 'ccziz', 'gwhtp', 'snfwu', 'xyial', 'mstrr', 'fhsyh', 'tjrao', 'mhgiz', 'xvxgm', 'smhdu', 'ynlzi', 'zwpjc', 'ebwtz', 'ukzoz', 'iingr', 'yufnv', 'ysuzl', 'mujos', 'lexbc']",150900,26848,86,String,sortHeapSort,true,None,2025-02-11 16:41:53
TC_10,"['cfuzd', 'bwbef', 'qfjlo', 'jqsvy', 'ywucx', 'iieih', 'rkvdk', 'xfzdu', 'fopyw', 'mbpiy', 'rplri', 'uqdex', 'vvjcb', 'wjeso', 'mrtff', 'nfgou', 'aoqts', 'qlalh', 'tfpjl', 'thubt', 'pzwng', 'ivtde', 'auzmp', 'xuojq', 'dcgbf', 'kbbri', 'lbtnf', 'rtfdt', 'boqgo', 'vpkbd', 'myoko', 'osovn', 'uvwck', 'srjmd', 'xdlbb', 'zvgzt', 'kuunr', 'zajbs', 'yexrh', 'vdlqn', 'rwnxe', 'kfars', 'oqnjy', 'vrvjb', 'wukiz', 'gazgr', 'cyahr', 'yuwbb', 'ysclc', 'wqwps', 'ubewp', 'byues', 'pjgcn', 'paxfa', 'neoou', 'hcrxo', 'iamvw', 'fiveb', 'tuwzj', 'utqzs', 'dnglv', 'texsy', 'txvvj', 'gegtd', 'rjzdd', 'fzknc', 'kirof', 'ccziz', 'gwhtp', 'snfwu', 'xyial', 'mstrr', 'fhsyh', 'tjrao', 'mhgiz', 'xvxgm', 'smhdu', 'ynlzi', 'zwpjc', 'ebwtz', 'ukzoz', 'iingr', 'yufnv', 'ysuzl', 'mujos', 'lexbc']",196400,26848,86,String,sortMergeSort,true,None,2025-02-11 16:41:53
TC_11,"[143, 156, 79, 611, 89, 848, 780, 276, 791, 574, 202, 894, 615, 141, 738, 53, 554, 608, 865, 818, 445, 69, 288, 38, 798, 960, 110, 276, 939, 693, 883, 626, 791, 376, 740, 747, 708, 703, 14, 681, 508, 687, 65, 143, 487, 696, 692, 389, 235, 368, 637, 962, 247, 730, 279, 976, 415, 235, 378, 562, 335, 292, 746, 741, 870, 8, 303, 716, 754, 929, 649, 252]",240500,26792,72,Numeric,sortBubbleSort,true,None,2025-02-11 16:41:53
TC_11,"[143, 156, 79, 611, 89, 848, 780, 276, 791, 574, 202, 894, 615, 141, 738, 53, 554, 608, 865, 818, 445, 69, 288, 38, 798, 960, 110, 276, 939, 693, 883, 626, 791, 376, 740, 747, 708, 703, 14, 681, 508, 687, 65, 143, 487, 696, 692, 389, 235, 368, 637, 962, 247, 730, 279, 976, 415, 235, 378, 562, 335, 292, 746, 741, 870, 8, 303, 716, 754, 929, 649, 252]",111600,26792,72,Numeric,sortQuickSort,true,None,2025-02-11 16:41:53
TC_11,"[143, 156, 79, 611, 89, 848, 780, 276, 791, 574, 202, 894, 615, 141, 738, 53, 554, 608, 865, 818, 445, 69, 288, 38, 798, 960, 110, 276, 939, 693, 883, 626, 791, 376, 740, 747, 708, 703, 14, 681, 508, 687, 65, 143, 487, 696, 692, 389, 235, 368, 637, 962, 247, 730, 279, 976, 415, 235, 378, 562, 335, 292, 746, 741, 870, 8, 303, 716, 754, 929, 649, 252]",376200,26792,72,Numeric,sortSelectionSort,true,None,2025-02-11 16:41:53
TC_11,"[143, 156, 79, 611, 89, 848, 780, 276, 791, 574, 202, 894, 615, 141, 738, 53, 554, 608, 865, 818, 445, 69, 288, 38, 798, 960, 110, 276, 939, 693, 883, 626, 791, 376, 740, 747, 708, 703, 14, 681, 508, 687, 65, 143, 487, 696, 692, 389, 235, 368, 637, 962, 247, 730, 279, 976, 415, 235, 378, 562, 335, 292, 746, 741, 870, 8, 303, 716, 754, 929, 649, 252]",120600,26792,72,Numeric,sortInsertionSort,true,None,2025-02-11 16:41:53
TC_11,"[143, 156, 79, 611, 89, 848, 780, 276, 791, 574, 202, 894, 615, 141, 738, 53, 554, 608, 865, 818, 445, 69, 288, 38, 798, 960, 110, 276, 939, 693, 883, 626, 791, 376, 740, 747, 708, 703, 14, 681, 508, 687, 65, 143, 487, 696, 692, 389, 235, 368, 637, 962, 247, 730, 279, 976, 415, 235, 378, 562, 335, 292, 746, 741, 870, 8, 303, 716, 754, 929, 649, 252]",106200,26792,72,Numeric,sortHeapSort,true,None,2025-02-11 16:41:53
TC_11,"[143, 156, 79, 611, 89, 848, 780, 276, 791, 574, 202, 894, 615, 141, 738, 53, 554, 608, 865, 818, 445, 69, 288, 38, 798, 960, 110, 276, 939, 693, 883, 626, 791, 376, 740, 747, 708, 703, 14, 681, 508, 687, 65, 143, 487, 696, 692, 389, 235, 368, 637, 962, 247, 730, 279, 976, 415, 235, 378, 562, 335, 292, 746, 741, 870, 8, 303, 716, 754, 929, 649, 252]",157600,26792,72,Numeric,sortMergeSort,true,None,2025-02-11 16:41:53
TC_12,"['rpkti', 'neqtn', 'bsowm', 'adgod', 'cfjgb', 'xzkko', 'sudcv', 'qwrfk', 'bmcqi', 'xmjsq', 'qbbei', 'cnqcq', 'btqxi', 'sewgo', 'cwyti', 'ddpoh', 'ykedc', 'xnqlb', 'qopld', 'sccjp', 'nghvo', 'pfkwr', 'wtdde', 'oyiqh', 'xmbjl', 'bghxa', 'antxy', 'ldiyx', 'rqypb', 'vhspt', 'rcfoz', 'xtkox', 'inznb', 'wtfoh', 'avaxd', 'rvreo', 'xvdtd', 'ommca', 'dotrj', 'vnprt', 'kycwh', 'eztad', 'cxeci', 'xmole', 'datrz', 'uyplu', 'broqo', 'fdusv', 'gmoze', 'ksxyi', 'drnef', 'ayakr', 'owazs', 'guzvz', 'rinyf', 'jjclr', 'tliye', 'qndvy', 'kfabp', 'ghtar', 'nhesy', 'rojwc', 'kuxmp', 'dnero', 'gmbzf', 'mvjby', 'wxdfy', 'wfzug', 'pkqew', 'srztu']",366100,26784,70,String,sortBubbleSort,true,None,2025-02-11 16:41:53
TC_12,"['rpkti', 'neqtn', 'bsowm', 'adgod', 'cfjgb', 'xzkko', 'sudcv', 'qwrfk', 'bmcqi', 'xmjsq', 'qbbei', 'cnqcq', 'btqxi', 'sewgo', 'cwyti', 'ddpoh', 'ykedc', 'xnqlb', 'qopld', 'sccjp', 'nghvo', 'pfkwr', 'wtdde', 'oyiqh', 'xmbjl', 'bghxa', 'antxy', 'ldiyx', 'rqypb', 'vhspt', 'rcfoz', 'xtkox', 'inznb', 'wtfoh', 'avaxd', 'rvreo', 'xvdtd', 'ommca', 'dotrj', 'vnprt', 'kycwh', 'eztad', 'cxeci', 'xmole', 'datrz', 'uyplu', 'broqo', 'fdusv', 'gmoze', 'ksxyi', 'drnef', 'ayakr', 'owazs', 'guzvz', 'rinyf', 'jjclr', 'tliye', 'qndvy', 'kfabp', 'ghtar', 'nhesy', 'rojwc', 'kuxmp', 'dnero', 'gmbzf', 'mvjby', 'wxdfy', 'wfzug', 'pkqew', 'srztu']",133500,26784,70,String,sortQuickSort,true,None,2025-02-11 16:41:53
TC_12,"['rpkti', 'neqtn', 'bsowm', 'adgod', 'cfjgb', 'xzkko', 'sudcv', 'qwrfk', 'bmcqi', 'xmjsq', 'qbbei', 'cnqcq', 'btqxi', 'sewgo', 'cwyti', 'ddpoh', 'ykedc', 'xnqlb', 'qopld', 'sccjp', 'nghvo', 'pfkwr', 'wtdde', 'oyiqh', 'xmbjl', 'bghxa', 'antxy', 'ldiyx', 'rqypb', 'vhspt', 'rcfoz', 'xtkox', 'inznb', 'wtfoh', 'avaxd', 'rvreo', 'xvdtd', 'ommca', 'dotrj', 'vnprt', 'kycwh', 'eztad', 'cxeci', 'xmole', 'datrz', 'uyplu', 'broqo', 'fdusv', 'gmoze', 'ksxyi', 'drnef', 'ayakr', 'owazs', 'guzvz', 'rinyf', 'jjclr', 'tliye', 'qndvy', 'kfabp', 'ghtar', 'nhesy', 'rojwc', 'kuxmp', 'dnero', 'gmbzf', 'mvjby', 'wxdfy', 'wfzug', 'pkqew', 'srztu']",186100,26784,70,String,sortSelectionSort,true,None,2025-02-11 16:41:53
TC_12,"['rpkti', 'neqtn', 'bsowm', 'adgod', 'cfjgb', 'xzkko', 'sudcv', 'qwrfk', 'bmcqi', 'xmjsq', 'qbbei', 'cnqcq', 'btqxi', 'sewgo', 'cwyti', 'ddpoh', 'ykedc', 'xnqlb', 'qopld', 'sccjp', 'nghvo', 'pfkwr', 'wtdde', 'oyiqh', 'xmbjl', 'bghxa', 'antxy', 'ldiyx', 'rqypb', 'vhspt', 'rcfoz', 'xtkox', 'inznb', 'wtfoh', 'avaxd', 'rvreo', 'xvdtd', 'ommca', 'dotrj', 'vnprt', 'kycwh', 'eztad', 'cxeci', 'xmole', 'datrz', 'uyplu', 'broqo', 'fdusv', 'gmoze', 'ksxyi', 'drnef', 'ayakr', 'owazs', 'guzvz', 'rinyf', 'jjclr', 'tliye', 'qndvy', 'kfabp', 'ghtar', 'nhesy', 'rojwc', 'kuxmp', 'dnero', 'gmbzf', 'mvjby', 'wxdfy', 'wfzug', 'pkqew', 'srztu']",228000,79976,70,String,sortInsertionSort,true,None,2025-02-11 16:41:53
TC_12,"['rpkti', 'neqtn', 'bsowm', 'adgod', 'cfjgb', 'xzkko', 'sudcv', 'qwrfk', 'bmcqi', 'xmjsq', 'qbbei', 'cnqcq', 'btqxi', 'sewgo', 'cwyti', 'ddpoh', 'ykedc', 'xnqlb', 'qopld', 'sccjp', 'nghvo', 'pfkwr', 'wtdde', 'oyiqh', 'xmbjl', 'bghxa', 'antxy', 'ldiyx', 'rqypb', 'vhspt', 'rcfoz', 'xtkox', 'inznb', 'wtfoh', 'avaxd', 'rvreo', 'xvdtd', 'ommca', 'dotrj', 'vnprt', 'kycwh', 'eztad', 'cxeci', 'xmole', 'datrz', 'uyplu', 'broqo', 'fdusv', 'gmoze', 'ksxyi', 'drnef', 'ayakr', 'owazs', 'guzvz', 'rinyf', 'jjclr', 'tliye', 'qndvy', 'kfabp', 'ghtar', 'nhesy', 'rojwc', 'kuxmp', 'dnero', 'gmbzf', 'mvjby', 'wxdfy', 'wfzug', 'pkqew', 'srztu']",119900,26784,70,String,sortHeapSort,true,None,2025-02-11 16:41:53
TC_12,"['rpkti', 'neqtn', 'bsowm', 'adgod', 'cfjgb', 'xzkko', 'sudcv', 'qwrfk', 'bmcqi', 'xmjsq', 'qbbei', 'cnqcq', 'btqxi', 'sewgo', 'cwyti', 'ddpoh', 'ykedc', 'xnqlb', 'qopld', 'sccjp', 'nghvo', 'pfkwr', 'wtdde', 'oyiqh', 'xmbjl', 'bghxa', 'antxy', 'ldiyx', 'rqypb', 'vhspt', 'rcfoz', 'xtkox', 'inznb', 'wtfoh', 'avaxd', 'rvreo', 'xvdtd', 'ommca', 'dotrj', 'vnprt', 'kycwh', 'eztad', 'cxeci', 'xmole', 'datrz', 'uyplu', 'broqo', 'fdusv', 'gmoze', 'ksxyi', 'drnef', 'ayakr', 'owazs', 'guzvz', 'rinyf', 'jjclr', 'tliye', 'qndvy', 'kfabp', 'ghtar', 'nhesy', 'rojwc', 'kuxmp', 'dnero', 'gmbzf', 'mvjby', 'wxdfy', 'wfzug', 'pkqew', 'srztu']",204500,26784,70,String,sortMergeSort,true,None,2025-02-11 16:41:53
TC_13,"['wdipf', 'rcdkp', 'ixkha', 'leurq', 'qjkpz', 'bpcey', 'ielwv', 'vwfrk', 'ciuxs', 'nxtqx', 'ncgov', 'revtm', 'cgjyy', 'woxqk', 'guwfq', 'qhabm', 'yomex', 'jrawd', 'qbaip', 'uvyku', 'zjrks', 'nonoj', 'mqpyy', 'bekyr', 'pufiq', 'wcint', 'apkce', 'wgwux', 'jmifv', 'pdmey', 'oswey', 'mjsww', 'fbahq', 'ntesm', 'ucksc', 'trkfv', 'wumdf', 'dlotq', 'tqnyv', 'kverk', 'fzxsu', 'ntfeb']",234100,26672,42,String,sortBubbleSort,true,None,2025-02-11 16:41:53
TC_13,"['wdipf', 'rcdkp', 'ixkha', 'leurq', 'qjkpz', 'bpcey', 'ielwv', 'vwfrk', 'ciuxs', 'nxtqx', 'ncgov', 'revtm', 'cgjyy', 'woxqk', 'guwfq', 'qhabm', 'yomex', 'jrawd', 'qbaip', 'uvyku', 'zjrks', 'nonoj', 'mqpyy', 'bekyr', 'pufiq', 'wcint', 'apkce', 'wgwux', 'jmifv', 'pdmey', 'oswey', 'mjsww', 'fbahq', 'ntesm', 'ucksc', 'trkfv', 'wumdf', 'dlotq', 'tqnyv', 'kverk', 'fzxsu', 'ntfeb']",116100,26672,42,String,sortQuickSort,true,None,2025-02-11 16:41:53
TC_13,"['wdipf', 'rcdkp', 'ixkha', 'leurq', 'qjkpz', 'bpcey', 'ielwv', 'vwfrk', 'ciuxs', 'nxtqx', 'ncgov', 'revtm', 'cgjyy', 'woxqk', 'guwfq', 'qhabm', 'yomex', 'jrawd', 'qbaip', 'uvyku', 'zjrks', 'nonoj', 'mqpyy', 'bekyr', 'pufiq', 'wcint', 'apkce', 'wgwux', 'jmifv', 'pdmey', 'oswey', 'mjsww', 'fbahq', 'ntesm', 'ucksc', 'trkfv', 'wumdf', 'dlotq', 'tqnyv', 'kverk', 'fzxsu', 'ntfeb']",104000,26672,42,String,sortSelectionSort,true,None,2025-02-11 16:41:53
TC_13,"['wdipf', 'rcdkp', 'ixkha', 'leurq', 'qjkpz', 'bpcey', 'ielwv', 'vwfrk', 'ciuxs', 'nxtqx', 'ncgov', 'revtm', 'cgjyy', 'woxqk', 'guwfq', 'qhabm', 'yomex', 'jrawd', 'qbaip', 'uvyku', 'zjrks', 'nonoj', 'mqpyy', 'bekyr', 'pufiq', 'wcint', 'apkce', 'wgwux', 'jmifv', 'pdmey', 'oswey', 'mjsww', 'fbahq', 'ntesm', 'ucksc', 'trkfv', 'wumdf', 'dlotq', 'tqnyv', 'kverk', 'fzxsu', 'ntfeb']",121600,26672,42,String,sortInsertionSort,true,None,2025-02-11 16:41:53
TC_13,"['wdipf', 'rcdkp', 'ixkha', 'leurq', 'qjkpz', 'bpcey', 'ielwv', 'vwfrk', 'ciuxs', 'nxtqx', 'ncgov', 'revtm', 'cgjyy', 'woxqk', 'guwfq', 'qhabm', 'yomex', 'jrawd', 'qbaip', 'uvyku', 'zjrks', 'nonoj', 'mqpyy', 'bekyr', 'pufiq', 'wcint', 'apkce', 'wgwux', 'jmifv', 'pdmey', 'oswey', 'mjsww', 'fbahq', 'ntesm', 'ucksc', 'trkfv', 'wumdf', 'dlotq', 'tqnyv', 'kverk', 'fzxsu', 'ntfeb']",158600,26672,42,String,sortHeapSort,true,None,2025-02-11 16:41:53
TC_13,"['wdipf', 'rcdkp', 'ixkha', 'leurq', 'qjkpz', 'bpcey', 'ielwv', 'vwfrk', 'ciuxs', 'nxtqx', 'ncgov', 'revtm', 'cgjyy', 'woxqk', 'guwfq', 'qhabm', 'yomex', 'jrawd', 'qbaip', 'uvyku', 'zjrks', 'nonoj', 'mqpyy', 'bekyr', 'pufiq', 'wcint', 'apkce', 'wgwux', 'jmifv', 'pdmey', 'oswey', 'mjsww', 'fbahq', 'ntesm', 'ucksc', 'trkfv', 'wumdf', 'dlotq', 'tqnyv', 'kverk', 'fzxsu', 'ntfeb']",159200,26672,42,String,sortMergeSort,true,None,2025-02-11 16:41:53
TC_14,"['igkeb', 'ckgpf', 'gebww', 'ejzgr', 'ztzed', 'tfxyl', 'ltioj', 'lxime', 'wylop', 'bixsf', 'tpyjl', 'cadwr', 'polfs', 'pqgxx', 'iatap', 'weggf', 'tjwnm', 'ohqkg', 'dpczk', 'ehcqv', 'jnngc', 'mzeqi', 'mvxaf', 'uiwnl', 'fxgrf', 'mzejn', 'qvyqw', 'bdqke', 'qqtzo', 'wbxnz', 'umycb', 'clsxd', 'znyfx', 'brilv', 'oopsp', 'bbfpa', 'vzlwn', 'xgtay', 'pdtvv', 'pwwnc', 'tygtr', 'mguld', 'lsgxt', 'popeo', 'bkkcx', 'vvmen', 'ksydf', 'pwkyb', 'armfr', 'ruzst', 'mfkps']",275400,26712,51,String,sortBubbleSort,true,None,2025-02-11 16:41:53
TC_14,"['igkeb', 'ckgpf', 'gebww', 'ejzgr', 'ztzed', 'tfxyl', 'ltioj', 'lxime', 'wylop', 'bixsf', 'tpyjl', 'cadwr', 'polfs', 'pqgxx', 'iatap', 'weggf', 'tjwnm', 'ohqkg', 'dpczk', 'ehcqv', 'jnngc', 'mzeqi', 'mvxaf', 'uiwnl', 'fxgrf', 'mzejn', 'qvyqw', 'bdqke', 'qqtzo', 'wbxnz', 'umycb', 'clsxd', 'znyfx', 'brilv', 'oopsp', 'bbfpa', 'vzlwn', 'xgtay', 'pdtvv', 'pwwnc', 'tygtr', 'mguld', 'lsgxt', 'popeo', 'bkkcx', 'vvmen', 'ksydf', 'pwkyb', 'armfr', 'ruzst', 'mfkps']",97800,26712,51,String,sortQuickSort,true,None,2025-02-11 16:41:53
TC_14,"['igkeb', 'ckgpf', 'gebww', 'ejzgr', 'ztzed', 'tfxyl', 'ltioj', 'lxime', 'wylop', 'bixsf', 'tpyjl', 'cadwr', 'polfs', 'pqgxx', 'iatap', 'weggf', 'tjwnm', 'ohqkg', 'dpczk', 'ehcqv', 'jnngc', 'mzeqi', 'mvxaf', 'uiwnl', 'fxgrf', 'mzejn', 'qvyqw', 'bdqke', 'qqtzo', 'wbxnz', 'umycb', 'clsxd', 'znyfx', 'brilv', 'oopsp', 'bbfpa', 'vzlwn', 'xgtay', 'pdtvv', 'pwwnc', 'tygtr', 'mguld', 'lsgxt', 'popeo', 'bkkcx', 'vvmen', 'ksydf', 'pwkyb', 'armfr', 'ruzst', 'mfkps']",212400,26712,51,String,sortSelectionSort,true,None,2025-02-11 16:41:53
TC_14,"['igkeb', 'ckgpf', 'gebww', 'ejzgr', 'ztzed', 'tfxyl', 'ltioj', 'lxime', 'wylop', 'bixsf', 'tpyjl', 'cadwr', 'polfs', 'pqgxx', 'iatap', 'weggf', 'tjwnm', 'ohqkg', 'dpczk', 'ehcqv', 'jnngc', 'mzeqi', 'mvxaf', 'uiwnl', 'fxgrf', 'mzejn', 'qvyqw', 'bdqke', 'qqtzo', 'wbxnz', 'umycb', 'clsxd', 'znyfx', 'brilv', 'oopsp', 'bbfpa', 'vzlwn', 'xgtay', 'pdtvv', 'pwwnc', 'tygtr', 'mguld', 'lsgxt', 'popeo', 'bkkcx', 'vvmen', 'ksydf', 'pwkyb', 'armfr', 'ruzst', 'mfkps']",97500,26712,51,String,sortInsertionSort,true,None,2025-02-11 16:41:53
TC_14,"['igkeb', 'ckgpf', 'gebww', 'ejzgr', 'ztzed', 'tfxyl', 'ltioj', 'lxime', 'wylop', 'bixsf', 'tpyjl', 'cadwr', 'polfs', 'pqgxx', 'iatap', 'weggf', 'tjwnm', 'ohqkg', 'dpczk', 'ehcqv', 'jnngc', 'mzeqi', 'mvxaf', 'uiwnl', 'fxgrf', 'mzejn', 'qvyqw', 'bdqke', 'qqtzo', 'wbxnz', 'umycb', 'clsxd', 'znyfx', 'brilv', 'oopsp', 'bbfpa', 'vzlwn', 'xgtay', 'pdtvv', 'pwwnc', 'tygtr', 'mguld', 'lsgxt', 'popeo', 'bkkcx', 'vvmen', 'ksydf', 'pwkyb', 'armfr', 'ruzst', 'mfkps']",105400,26712,51,String,sortHeapSort,true,None,2025-02-11 16:41:54
TC_14,"['igkeb', 'ckgpf', 'gebww', 'ejzgr', 'ztzed', 'tfxyl', 'ltioj', 'lxime', 'wylop', 'bixsf', 'tpyjl', 'cadwr', 'polfs', 'pqgxx', 'iatap', 'weggf', 'tjwnm', 'ohqkg', 'dpczk', 'ehcqv', 'jnngc', 'mzeqi', 'mvxaf', 'uiwnl', 'fxgrf', 'mzejn', 'qvyqw', 'bdqke', 'qqtzo', 'wbxnz', 'umycb', 'clsxd', 'znyfx', 'brilv', 'oopsp', 'bbfpa', 'vzlwn', 'xgtay', 'pdtvv', 'pwwnc', 'tygtr', 'mguld', 'lsgxt', 'popeo', 'bkkcx', 'vvmen', 'ksydf', 'pwkyb', 'armfr', 'ruzst', 'mfkps']",106300,26712,51,String,sortMergeSort,true,None,2025-02-11 16:41:54
TC_15,"['afhby', 'cshyu', 'gsegz', 'omdob', 'iagpp', 'qsqqo', 'lrtno', 'jyxph', 'rbldh', 'sosac', 'zyyjs', 'jtjfg', 'orrso', 'qtmeq', 'nsdnr', 'dbgtu', 'dbofs', 'ozwjf', 'qltos', 'phtkv', 'ilflb', 'uoxxt', 'rpsds', 'dzxwj', 'gwarp', 'ckwea', 'idwpi', 'gmpnx', 'bosxn', 'bfrkc', 'ztyie', 'cjjmx', 'fvpyj', 'vdjzr', 'aqhpx', 'nwcls', 'sycbf', 'oqlwv', 'kmxxv', 'moscp', 'zzfzu', 'wbsve', 'xvcqm', 'zyksb']",159900,79872,44,String,sortBubbleSort,true,None,2025-02-11 16:41:54
TC_15,"['afhby', 'cshyu', 'gsegz', 'omdob', 'iagpp', 'qsqqo', 'lrtno', 'jyxph', 'rbldh', 'sosac', 'zyyjs', 'jtjfg', 'orrso', 'qtmeq', 'nsdnr', 'dbgtu', 'dbofs', 'ozwjf', 'qltos', 'phtkv', 'ilflb', 'uoxxt', 'rpsds', 'dzxwj', 'gwarp', 'ckwea', 'idwpi', 'gmpnx', 'bosxn', 'bfrkc', 'ztyie', 'cjjmx', 'fvpyj', 'vdjzr', 'aqhpx', 'nwcls', 'sycbf', 'oqlwv', 'kmxxv', 'moscp', 'zzfzu', 'wbsve', 'xvcqm', 'zyksb']",215200,26680,44,String,sortQuickSort,true,None,2025-02-11 16:41:54
TC_15,"['afhby', 'cshyu', 'gsegz', 'omdob', 'iagpp', 'qsqqo', 'lrtno', 'jyxph', 'rbldh', 'sosac', 'zyyjs', 'jtjfg', 'orrso', 'qtmeq', 'nsdnr', 'dbgtu', 'dbofs', 'ozwjf', 'qltos', 'phtkv', 'ilflb', 'uoxxt', 'rpsds', 'dzxwj', 'gwarp', 'ckwea', 'idwpi', 'gmpnx', 'bosxn', 'bfrkc', 'ztyie', 'cjjmx', 'fvpyj', 'vdjzr', 'aqhpx', 'nwcls', 'sycbf', 'oqlwv', 'kmxxv', 'moscp', 'zzfzu', 'wbsve', 'xvcqm', 'zyksb']",148900,26680,44,String,sortSelectionSort,true,None,2025-02-11 16:41:54
TC_15,"['afhby', 'cshyu', 'gsegz', 'omdob', 'iagpp', 'qsqqo', 'lrtno', 'jyxph', 'rbldh', 'sosac', 'zyyjs', 'jtjfg', 'orrso', 'qtmeq', 'nsdnr', 'dbgtu', 'dbofs', 'ozwjf', 'qltos', 'phtkv', 'ilflb', 'uoxxt', 'rpsds', 'dzxwj', 'gwarp', 'ckwea', 'idwpi', 'gmpnx', 'bosxn', 'bfrkc', 'ztyie', 'cjjmx', 'fvpyj', 'vdjzr', 'aqhpx', 'nwcls', 'sycbf', 'oqlwv', 'kmxxv', 'moscp', 'zzfzu', 'wbsve', 'xvcqm', 'zyksb']",150200,26680,44,String,sortInsertionSort,true,None,2025-02-11 16:41:54
TC_15,"['afhby', 'cshyu', 'gsegz', 'omdob', 'iagpp', 'qsqqo', 'lrtno', 'jyxph', 'rbldh', 'sosac', 'zyyjs', 'jtjfg', 'orrso', 'qtmeq', 'nsdnr', 'dbgtu', 'dbofs', 'ozwjf', 'qltos', 'phtkv', 'ilflb', 'uoxxt', 'rpsds', 'dzxwj', 'gwarp', 'ckwea', 'idwpi', 'gmpnx', 'bosxn', 'bfrkc', 'ztyie', 'cjjmx', 'fvpyj', 'vdjzr', 'aqhpx', 'nwcls', 'sycbf', 'oqlwv', 'kmxxv', 'moscp', 'zzfzu', 'wbsve', 'xvcqm', 'zyksb']",116100,26680,44,String,sortHeapSort,true,None,2025-02-11 16:41:54
TC_15,"['afhby', 'cshyu', 'gsegz', 'omdob', 'iagpp', 'qsqqo', 'lrtno', 'jyxph', 'rbldh', 'sosac', 'zyyjs', 'jtjfg', 'orrso', 'qtmeq', 'nsdnr', 'dbgtu', 'dbofs', 'ozwjf', 'qltos', 'phtkv', 'ilflb', 'uoxxt', 'rpsds', 'dzxwj', 'gwarp', 'ckwea', 'idwpi', 'gmpnx', 'bosxn', 'bfrkc', 'ztyie', 'cjjmx', 'fvpyj', 'vdjzr', 'aqhpx', 'nwcls', 'sycbf', 'oqlwv', 'kmxxv', 'moscp', 'zzfzu', 'wbsve', 'xvcqm', 'zyksb']",110000,26680,44,String,sortMergeSort,true,None,2025-02-11 16:41:54
TC_16,"[563, 161, 291, 803, 666, 11, 833, 26, 321, 137, 246, 7, 957, 57, 850, 438, 842, 110, 17, 178, 233, 976, 312, 339, 81, 981, 483, 672, 613, 639, 98, 382, 870, 479, 80, 633, 973, 438, 452, 378, 557, 177, 182, 696, 830, 291, 532, 611, 160, 936]",136100,26704,50,Numeric,sortBubbleSort,true,None,2025-02-11 16:41:54
TC_16,"[563, 161, 291, 803, 666, 11, 833, 26, 321, 137, 246, 7, 957, 57, 850, 438, 842, 110, 17, 178, 233, 976, 312, 339, 81, 981, 483, 672, 613, 639, 98, 382, 870, 479, 80, 633, 973, 438, 452, 378, 557, 177, 182, 696, 830, 291, 532, 611, 160, 936]",106600,26704,50,Numeric,sortQuickSort,true,None,2025-02-11 16:41:54
TC_16,"[563, 161, 291, 803, 666, 11, 833, 26, 321, 137, 246, 7, 957, 57, 850, 438, 842, 110, 17, 178, 233, 976, 312, 339, 81, 981, 483, 672, 613, 639, 98, 382, 870, 479, 80, 633, 973, 438, 452, 378, 557, 177, 182, 696, 830, 291, 532, 611, 160, 936]",121400,26704,50,Numeric,sortSelectionSort,true,None,2025-02-11 16:41:54
TC_16,"[563, 161, 291, 803, 666, 11, 833, 26, 321, 137, 246, 7, 957, 57, 850, 438, 842, 110, 17, 178, 233, 976, 312, 339, 81, 981, 483, 672, 613, 639, 98, 382, 870, 479, 80, 633, 973, 438, 452, 378, 557, 177, 182, 696, 830, 291, 532, 611, 160, 936]",89000,26704,50,Numeric,sortInsertionSort,true,None,2025-02-11 16:41:54
TC_16,"[563, 161, 291, 803, 666, 11, 833, 26, 321, 137, 246, 7, 957, 57, 850, 438, 842, 110, 17, 178, 233, 976, 312, 339, 81, 981, 483, 672, 613, 639, 98, 382, 870, 479, 80, 633, 973, 438, 452, 378, 557, 177, 182, 696, 830, 291, 532, 611, 160, 936]",93400,26704,50,Numeric,sortHeapSort,true,None,2025-02-11 16:41:54
TC_16,"[563, 161, 291, 803, 666, 11, 833, 26, 321, 137, 246, 7, 957, 57, 850, 438, 842, 110, 17, 178, 233, 976, 312, 339, 81, 981, 483, 672, 613, 639, 98, 382, 870, 479, 80, 633, 973, 438, 452, 378, 557, 177, 182, 696, 830, 291, 532, 611, 160, 936]",114800,26704,50,Numeric,sortMergeSort,true,None,2025-02-11 16:41:54
TC_17,"[635, 227, 231, 351, 241, 93, 141, 436, 10, 630, 979, 225, 645, 606, 526, 512, 663, 390, 762, 548, 574, 412, 326, 940, 978, 741, 161, 264, 899, 135, 268, 914, 324, 100, 512, 684, 186, 896, 885, 654, 117, 885, 139, 340, 81, 8, 223, 482, 712]",188600,26704,49,Numeric,sortBubbleSort,true,None,2025-02-11 16:41:54
TC_17,"[635, 227, 231, 351, 241, 93, 141, 436, 10, 630, 979, 225, 645, 606, 526, 512, 663, 390, 762, 548, 574, 412, 326, 940, 978, 741, 161, 264, 899, 135, 268, 914, 324, 100, 512, 684, 186, 896, 885, 654, 117, 885, 139, 340, 81, 8, 223, 482, 712]",88800,26704,49,Numeric,sortQuickSort,true,None,2025-02-11 16:41:54
TC_17,"[635, 227, 231, 351, 241, 93, 141, 436, 10, 630, 979, 225, 645, 606, 526, 512, 663, 390, 762, 548, 574, 412, 326, 940, 978, 741, 161, 264, 899, 135, 268, 914, 324, 100, 512, 684, 186, 896, 885, 654, 117, 885, 139, 340, 81, 8, 223, 482, 712]",131700,26704,49,Numeric,sortSelectionSort,true,None,2025-02-11 16:41:54
TC_17,"[635, 227, 231, 351, 241, 93, 141, 436, 10, 630, 979, 225, 645, 606, 526, 512, 663, 390, 762, 548, 574, 412, 326, 940, 978, 741, 161, 264, 899, 135, 268, 914, 324, 100, 512, 684, 186, 896, 885, 654, 117, 885, 139, 340, 81, 8, 223, 482, 712]",110800,26704,49,Numeric,sortInsertionSort,true,None,2025-02-11 16:41:54
TC_17,"[635, 227, 231, 351, 241, 93, 141, 436, 10, 630, 979, 225, 645, 606, 526, 512, 663, 390, 762, 548, 574, 412, 326, 940, 978, 741, 161, 264, 899, 135, 268, 914, 324, 100, 512, 684, 186, 896, 885, 654, 117, 885, 139, 340, 81, 8, 223, 482, 712]",143600,26704,49,Numeric,sortHeapSort,true,None,2025-02-11 16:41:54
TC_17,"[635, 227, 231, 351, 241, 93, 141, 436, 10, 630, 979, 225, 645, 606, 526, 512, 663, 390, 762, 548, 574, 412, 326, 940, 978, 741, 161, 264, 899, 135, 268, 914, 324, 100, 512, 684, 186, 896, 885, 654, 117, 885, 139, 340, 81, 8, 223, 482, 712]",102300,26704,49,Numeric,sortMergeSort,true,None,2025-02-11 16:41:54
TC_18,"['unjuu', 'jdmar', 'cwgjx', 'mcwaa', 'ditmb', 'tixjp', 'nezwc', 'bdzos', 'mrcpr', 'cjcoj', 'norli', 'sfdcq', 'lxvmv', 'admxe', 'nsycn', 'nicmh', 'zizqu', 'gazoq', 'szkke', 'ajesk', 'gwdry', 'sryvc', 'ebwiw', 'fhwuh', 'gqfnv', 'znlvc', 'wbyuv', 'vqvgt', 'vuazq', 'eacup', 'ftdgi', 'apwmv', 'wkxgv', 'ttpbe', 'htujc', 'quawr', 'ztmma', 'lmuie', 'nccmm', 'ctkvy', 'zoijj', 'hfokl', 'qgoud', 'kxrfs', 'amwui']",267000,26688,45,String,sortBubbleSort,true,None,2025-02-11 16:41:54
TC_18,"['unjuu', 'jdmar', 'cwgjx', 'mcwaa', 'ditmb', 'tixjp', 'nezwc', 'bdzos', 'mrcpr', 'cjcoj', 'norli', 'sfdcq', 'lxvmv', 'admxe', 'nsycn', 'nicmh', 'zizqu', 'gazoq', 'szkke', 'ajesk', 'gwdry', 'sryvc', 'ebwiw', 'fhwuh', 'gqfnv', 'znlvc', 'wbyuv', 'vqvgt', 'vuazq', 'eacup', 'ftdgi', 'apwmv', 'wkxgv', 'ttpbe', 'htujc', 'quawr', 'ztmma', 'lmuie', 'nccmm', 'ctkvy', 'zoijj', 'hfokl', 'qgoud', 'kxrfs', 'amwui']",77900,26688,45,String,sortQuickSort,true,None,2025-02-11 16:41:54
TC_18,"['unjuu', 'jdmar', 'cwgjx', 'mcwaa', 'ditmb', 'tixjp', 'nezwc', 'bdzos', 'mrcpr', 'cjcoj', 'norli', 'sfdcq', 'lxvmv', 'admxe', 'nsycn', 'nicmh', 'zizqu', 'gazoq', 'szkke', 'ajesk', 'gwdry', 'sryvc', 'ebwiw', 'fhwuh', 'gqfnv', 'znlvc', 'wbyuv', 'vqvgt', 'vuazq', 'eacup', 'ftdgi', 'apwmv', 'wkxgv', 'ttpbe', 'htujc', 'quawr', 'ztmma', 'lmuie', 'nccmm', 'ctkvy', 'zoijj', 'hfokl', 'qgoud', 'kxrfs', 'amwui']",195200,26688,45,String,sortSelectionSort,true,None,2025-02-11 16:41:54
TC_18,"['unjuu', 'jdmar', 'cwgjx', 'mcwaa', 'ditmb', 'tixjp', 'nezwc', 'bdzos', 'mrcpr', 'cjcoj', 'norli', 'sfdcq', 'lxvmv', 'admxe', 'nsycn', 'nicmh', 'zizqu', 'gazoq', 'szkke', 'ajesk', 'gwdry', 'sryvc', 'ebwiw', 'fhwuh', 'gqfnv', 'znlvc', 'wbyuv', 'vqvgt', 'vuazq', 'eacup', 'ftdgi', 'apwmv', 'wkxgv', 'ttpbe', 'htujc', 'quawr', 'ztmma', 'lmuie', 'nccmm', 'ctkvy', 'zoijj', 'hfokl', 'qgoud', 'kxrfs', 'amwui']",98900,26688,45,String,sortInsertionSort,true,None,2025-02-11 16:41:54
TC_18,"['unjuu', 'jdmar', 'cwgjx', 'mcwaa', 'ditmb', 'tixjp', 'nezwc', 'bdzos', 'mrcpr', 'cjcoj', 'norli', 'sfdcq', 'lxvmv', 'admxe', 'nsycn', 'nicmh', 'zizqu', 'gazoq', 'szkke', 'ajesk', 'gwdry', 'sryvc', 'ebwiw', 'fhwuh', 'gqfnv', 'znlvc', 'wbyuv', 'vqvgt', 'vuazq', 'eacup', 'ftdgi', 'apwmv', 'wkxgv', 'ttpbe', 'htujc', 'quawr', 'ztmma', 'lmuie', 'nccmm', 'ctkvy', 'zoijj', 'hfokl', 'qgoud', 'kxrfs', 'amwui']",100800,26688,45,String,sortHeapSort,true,None,2025-02-11 16:41:54
TC_18,"['unjuu', 'jdmar', 'cwgjx', 'mcwaa', 'ditmb', 'tixjp', 'nezwc', 'bdzos', 'mrcpr', 'cjcoj', 'norli', 'sfdcq', 'lxvmv', 'admxe', 'nsycn', 'nicmh', 'zizqu', 'gazoq', 'szkke', 'ajesk', 'gwdry', 'sryvc', 'ebwiw', 'fhwuh', 'gqfnv', 'znlvc', 'wbyuv', 'vqvgt', 'vuazq', 'eacup', 'ftdgi', 'apwmv', 'wkxgv', 'ttpbe', 'htujc', 'quawr', 'ztmma', 'lmuie', 'nccmm', 'ctkvy', 'zoijj', 'hfokl', 'qgoud', 'kxrfs', 'amwui']",118100,26688,45,String,sortMergeSort,true,None,2025-02-11 16:41:54
TC_19,"[378, 221, 692, 576, 618, 318, 54, 786, 204, 225, 196, 311, 336, 146, 693, 279, 945, 238, 50, 906, 239, 124, 366, 876, 45, 929, 283, 436, 708, 787, 373, 409, 840, 123, 521, 507, 540, 509, 984, 415, 958, 25, 246, 365, 688, 792, 527, 784, 626, 576, 521, 372, 560, 175, 46, 963, 554, 849, 997, 657, 825, 321, 476, 55, 431, 403, 696, 141, 944, 175, 253, 480, 980, 833, 721, 524, 220, 695, 62, 519, 512, 886, 140, 172, 787, 284, 927, 608, 456, 573, 3, 598, 921]",332900,26880,93,Numeric,sortBubbleSort,true,None,2025-02-11 16:41:54
TC_19,"[378, 221, 692, 576, 618, 318, 54, 786, 204, 225, 196, 311, 336, 146, 693, 279, 945, 238, 50, 906, 239, 124, 366, 876, 45, 929, 283, 436, 708, 787, 373, 409, 840, 123, 521, 507, 540, 509, 984, 415, 958, 25, 246, 365, 688, 792, 527, 784, 626, 576, 521, 372, 560, 175, 46, 963, 554, 849, 997, 657, 825, 321, 476, 55, 431, 403, 696, 141, 944, 175, 253, 480, 980, 833, 721, 524, 220, 695, 62, 519, 512, 886, 140, 172, 787, 284, 927, 608, 456, 573, 3, 598, 921]",98700,26880,93,Numeric,sortQuickSort,true,None,2025-02-11 16:41:54
TC_19,"[378, 221, 692, 576, 618, 318, 54, 786, 204, 225, 196, 311, 336, 146, 693, 279, 945, 238, 50, 906, 239, 124, 366, 876, 45, 929, 283, 436, 708, 787, 373, 409, 840, 123, 521, 507, 540, 509, 984, 415, 958, 25, 246, 365, 688, 792, 527, 784, 626, 576, 521, 372, 560, 175, 46, 963, 554, 849, 997, 657, 825, 321, 476, 55, 431, 403, 696, 141, 944, 175, 253, 480, 980, 833, 721, 524, 220, 695, 62, 519, 512, 886, 140, 172, 787, 284, 927, 608, 456, 573, 3, 598, 921]",263700,26880,93,Numeric,sortSelectionSort,true,None,2025-02-11 16:41:54
TC_19,"[378, 221, 692, 576, 618, 318, 54, 786, 204, 225, 196, 311, 336, 146, 693, 279, 945, 238, 50, 906, 239, 124, 366, 876, 45, 929, 283, 436, 708, 787, 373, 409, 840, 123, 521, 507, 540, 509, 984, 415, 958, 25, 246, 365, 688, 792, 527, 784, 626, 576, 521, 372, 560, 175, 46, 963, 554, 849, 997, 657, 825, 321, 476, 55, 431, 403, 696, 141, 944, 175, 253, 480, 980, 833, 721, 524, 220, 695, 62, 519, 512, 886, 140, 172, 787, 284, 927, 608, 456, 573, 3, 598, 921]",197100,26880,93,Numeric,sortInsertionSort,true,None,2025-02-11 16:41:54
TC_19,"[378, 221, 692, 576, 618, 318, 54, 786, 204, 225, 196, 311, 336, 146, 693, 279, 945, 238, 50, 906, 239, 124, 366, 876, 45, 929, 283, 436, 708, 787, 373, 409, 840, 123, 521, 507, 540, 509, 984, 415, 958, 25, 246, 365, 688, 792, 527, 784, 626, 576, 521, 372, 560, 175, 46, 963, 554, 849, 997, 657, 825, 321, 476, 55, 431, 403, 696, 141, 944, 175, 253, 480, 980, 833, 721, 524, 220, 695, 62, 519, 512, 886, 140, 172, 787, 284, 927, 608, 456, 573, 3, 598, 921]",128400,26880,93,Numeric,sortHeapSort,true,None,2025-02-11 16:41:54
TC_19,"[378, 221, 692, 576, 618, 318, 54, 786, 204, 225, 196, 311, 336, 146, 693, 279, 945, 238, 50, 906, 239, 124, 366, 876, 45, 929, 283, 436, 708, 787, 373, 409, 840, 123, 521, 507, 540, 509, 984, 415, 958, 25, 246, 365, 688, 792, 527, 784, 626, 576, 521, 372, 560, 175, 46, 963, 554, 849, 997, 657, 825, 321, 476, 55, 431, 403, 696, 141, 944, 175, 253, 480, 980, 833, 721, 524, 220, 695, 62, 519, 512, 886, 140, 172, 787, 284, 927, 608, 456, 573, 3, 598, 921]",114900,26880,93,Numeric,sortMergeSort,true,None,2025-02-11 16:41:54
TC_20,"['gszox', 'jajoz', 'thkca', 'xoxor', 'wuddu', 'tljcw', 'sephb', 'xevwd', 'zesss', 'fojox', 'uhixq', 'klqjt', 'lihbb', 'fwdbb', 'gxqsm', 'hebza', 'ereeo', 'nuxfs', 'blupd', 'fjudj', 'fomvh', 'ywqsl', 'ryuyg', 'nhrqs', 'axfas', 'jhjaf', 'yqyvj', 'kxyzz', 'xembw', 'bmlhi', 'iujxc', 'aszbg', 'ggjzp', 'lyppo', 'fizfs', 'wldll', 'drqhe', 'fvnxt', 'ganjc', 'pnimi', 'pvkpo', 'urnmz', 'ywpcu', 'aiuyu', 'jeaaz', 'xxgqa', 'nwolw', 'shlmb', 'rydsk', 'hixyd', 'srnkb', 'sfzph', 'aqgda', 'jhzjq', 'tzhki', 'ukqaw', 'vbcek', 'bblau', 'pzjrc', 'tildo', 'sazhz', 'unebj', 'wgwlm', 'hsfhp', 'esqws', 'njsry', 'kknqa', 'klbht', 'mcuut', 'zucvk', 'zgdrp', 'grrkh', 'xnvww', 'ekfaw', 'bynnx', 'wgevo', 'ntpod', 'bnysy', 'gaxli', 'sfmvj', 'wvdbq', 'hfamr', 'qyuiv', 'jqgsk', 'grkwh', 'acdts', 'xicnq', 'vzxpw', 'twrnw', 'onzmz', 'hrpvm', 'wmlbn', 'ndgrl', 'gykxd', 'xanld', 'kwioy', 'khmlr', 'vcxkx', 'nwgky', 'fxecj']",574800,26904,100,String,sortBubbleSort,true,None,2025-02-11 16:41:54
TC_20,"['gszox', 'jajoz', 'thkca', 'xoxor', 'wuddu', 'tljcw', 'sephb', 'xevwd', 'zesss', 'fojox', 'uhixq', 'klqjt', 'lihbb', 'fwdbb', 'gxqsm', 'hebza', 'ereeo', 'nuxfs', 'blupd', 'fjudj', 'fomvh', 'ywqsl', 'ryuyg', 'nhrqs', 'axfas', 'jhjaf', 'yqyvj', 'kxyzz', 'xembw', 'bmlhi', 'iujxc', 'aszbg', 'ggjzp', 'lyppo', 'fizfs', 'wldll', 'drqhe', 'fvnxt', 'ganjc', 'pnimi', 'pvkpo', 'urnmz', 'ywpcu', 'aiuyu', 'jeaaz', 'xxgqa', 'nwolw', 'shlmb', 'rydsk', 'hixyd', 'srnkb', 'sfzph', 'aqgda', 'jhzjq', 'tzhki', 'ukqaw', 'vbcek', 'bblau', 'pzjrc', 'tildo', 'sazhz', 'unebj', 'wgwlm', 'hsfhp', 'esqws', 'njsry', 'kknqa', 'klbht', 'mcuut', 'zucvk', 'zgdrp', 'grrkh', 'xnvww', 'ekfaw', 'bynnx', 'wgevo', 'ntpod', 'bnysy', 'gaxli', 'sfmvj', 'wvdbq', 'hfamr', 'qyuiv', 'jqgsk', 'grkwh', 'acdts', 'xicnq', 'vzxpw', 'twrnw', 'onzmz', 'hrpvm', 'wmlbn', 'ndgrl', 'gykxd', 'xanld', 'kwioy', 'khmlr', 'vcxkx', 'nwgky', 'fxecj']",155300,26904,100,String,sortQuickSort,true,None,2025-02-11 16:41:54
TC_20,"['gszox', 'jajoz', 'thkca', 'xoxor', 'wuddu', 'tljcw', 'sephb', 'xevwd', 'zesss', 'fojox', 'uhixq', 'klqjt', 'lihbb', 'fwdbb', 'gxqsm', 'hebza', 'ereeo', 'nuxfs', 'blupd', 'fjudj', 'fomvh', 'ywqsl', 'ryuyg', 'nhrqs', 'axfas', 'jhjaf', 'yqyvj', 'kxyzz', 'xembw', 'bmlhi', 'iujxc', 'aszbg', 'ggjzp', 'lyppo', 'fizfs', 'wldll', 'drqhe', 'fvnxt', 'ganjc', 'pnimi', 'pvkpo', 'urnmz', 'ywpcu', 'aiuyu', 'jeaaz', 'xxgqa', 'nwolw', 'shlmb', 'rydsk', 'hixyd', 'srnkb', 'sfzph', 'aqgda', 'jhzjq', 'tzhki', 'ukqaw', 'vbcek', 'bblau', 'pzjrc', 'tildo', 'sazhz', 'unebj', 'wgwlm', 'hsfhp', 'esqws', 'njsry', 'kknqa', 'klbht', 'mcuut', 'zucvk', 'zgdrp', 'grrkh', 'xnvww', 'ekfaw', 'bynnx', 'wgevo', 'ntpod', 'bnysy', 'gaxli', 'sfmvj', 'wvdbq', 'hfamr', 'qyuiv', 'jqgsk', 'grkwh', 'acdts', 'xicnq', 'vzxpw', 'twrnw', 'onzmz', 'hrpvm', 'wmlbn', 'ndgrl', 'gykxd', 'xanld', 'kwioy', 'khmlr', 'vcxkx', 'nwgky', 'fxecj']",439800,26904,100,String,sortSelectionSort,true,None,2025-02-11 16:41:55
TC_20,"['gszox', 'jajoz', 'thkca', 'xoxor', 'wuddu', 'tljcw', 'sephb', 'xevwd', 'zesss', 'fojox', 'uhixq', 'klqjt', 'lihbb', 'fwdbb', 'gxqsm', 'hebza', 'ereeo', 'nuxfs', 'blupd', 'fjudj', 'fomvh', 'ywqsl', 'ryuyg', 'nhrqs', 'axfas', 'jhjaf', 'yqyvj', 'kxyzz', 'xembw', 'bmlhi', 'iujxc', 'aszbg', 'ggjzp', 'lyppo', 'fizfs', 'wldll', 'drqhe', 'fvnxt', 'ganjc', 'pnimi', 'pvkpo', 'urnmz', 'ywpcu', 'aiuyu', 'jeaaz', 'xxgqa', 'nwolw', 'shlmb', 'rydsk', 'hixyd', 'srnkb', 'sfzph', 'aqgda', 'jhzjq', 'tzhki', 'ukqaw', 'vbcek', 'bblau', 'pzjrc', 'tildo', 'sazhz', 'unebj', 'wgwlm', 'hsfhp', 'esqws', 'njsry', 'kknqa', 'klbht', 'mcuut', 'zucvk', 'zgdrp', 'grrkh', 'xnvww', 'ekfaw', 'bynnx', 'wgevo', 'ntpod', 'bnysy', 'gaxli', 'sfmvj', 'wvdbq', 'hfamr', 'qyuiv', 'jqgsk', 'grkwh', 'acdts', 'xicnq', 'vzxpw', 'twrnw', 'onzmz', 'hrpvm', 'wmlbn', 'ndgrl', 'gykxd', 'xanld', 'kwioy', 'khmlr', 'vcxkx', 'nwgky', 'fxecj']",266600,26904,100,String,sortInsertionSort,true,None,2025-02-11 16:41:55
TC_20,"['gszox', 'jajoz', 'thkca', 'xoxor', 'wuddu', 'tljcw', 'sephb', 'xevwd', 'zesss', 'fojox', 'uhixq', 'klqjt', 'lihbb', 'fwdbb', 'gxqsm', 'hebza', 'ereeo', 'nuxfs', 'blupd', 'fjudj', 'fomvh', 'ywqsl', 'ryuyg', 'nhrqs', 'axfas', 'jhjaf', 'yqyvj', 'kxyzz', 'xembw', 'bmlhi', 'iujxc', 'aszbg', 'ggjzp', 'lyppo', 'fizfs', 'wldll', 'drqhe', 'fvnxt', 'ganjc', 'pnimi', 'pvkpo', 'urnmz', 'ywpcu', 'aiuyu', 'jeaaz', 'xxgqa', 'nwolw', 'shlmb', 'rydsk', 'hixyd', 'srnkb', 'sfzph', 'aqgda', 'jhzjq', 'tzhki', 'ukqaw', 'vbcek', 'bblau', 'pzjrc', 'tildo', 'sazhz', 'unebj', 'wgwlm', 'hsfhp', 'esqws', 'njsry', 'kknqa', 'klbht', 'mcuut', 'zucvk', 'zgdrp', 'grrkh', 'xnvww', 'ekfaw', 'bynnx', 'wgevo', 'ntpod', 'bnysy', 'gaxli', 'sfmvj', 'wvdbq', 'hfamr', 'qyuiv', 'jqgsk', 'grkwh', 'acdts', 'xicnq', 'vzxpw', 'twrnw', 'onzmz', 'hrpvm', 'wmlbn', 'ndgrl', 'gykxd', 'xanld', 'kwioy', 'khmlr', 'vcxkx', 'nwgky', 'fxecj']",128300,26904,100,String,sortHeapSort,true,None,2025-02-11 16:41:55
TC_20,"['gszox', 'jajoz', 'thkca', 'xoxor', 'wuddu', 'tljcw', 'sephb', 'xevwd', 'zesss', 'fojox', 'uhixq', 'klqjt', 'lihbb', 'fwdbb', 'gxqsm', 'hebza', 'ereeo', 'nuxfs', 'blupd', 'fjudj', 'fomvh', 'ywqsl', 'ryuyg', 'nhrqs', 'axfas', 'jhjaf', 'yqyvj', 'kxyzz', 'xembw', 'bmlhi', 'iujxc', 'aszbg', 'ggjzp', 'lyppo', 'fizfs', 'wldll', 'drqhe', 'fvnxt', 'ganjc', 'pnimi', 'pvkpo', 'urnmz', 'ywpcu', 'aiuyu', 'jeaaz', 'xxgqa', 'nwolw', 'shlmb', 'rydsk', 'hixyd', 'srnkb', 'sfzph', 'aqgda', 'jhzjq', 'tzhki', 'ukqaw', 'vbcek', 'bblau', 'pzjrc', 'tildo', 'sazhz', 'unebj', 'wgwlm', 'hsfhp', 'esqws', 'njsry', 'kknqa', 'klbht', 'mcuut', 'zucvk', 'zgdrp', 'grrkh', 'xnvww', 'ekfaw', 'bynnx', 'wgevo', 'ntpod', 'bnysy', 'gaxli', 'sfmvj', 'wvdbq', 'hfamr', 'qyuiv', 'jqgsk', 'grkwh', 'acdts', 'xicnq', 'vzxpw', 'twrnw', 'onzmz', 'hrpvm', 'wmlbn', 'ndgrl', 'gykxd', 'xanld', 'kwioy', 'khmlr', 'vcxkx', 'nwgky', 'fxecj']",287600,26904,100,String,sortMergeSort,true,None,2025-02-11 16:41:55
TC_21,"['czjot', 'jifhp', 'qrrrk', 'kgkwm', 'uecrb', 'wljyc', 'ujudl', 'ywrce', 'vrtfi', 'hgzbr', 'ryhbk', 'cusui', 'rdxnm', 'nibfb', 'cxqjr', 'ttkov', 'jbeoe', 'ydfsg', 'psqwa', 'pitur', 'rnlfg', 'fmlaf', 'aqtog', 'rnxnc', 'uwvsv', 'bpsiz', 'ebwps', 'vissb', 'kgvwe', 'qesbp', 'tfhig', 'mfxhi', 'wzlsa', 'bknsr', 'jddex', 'satgk', 'iawdg', 'byqag', 'iaivs', 'krfiu', 'rnwse', 'bddep', 'avihg', 'ozvkw', 'mfubt', 'awnrz', 'jjjxg', 'wgtng', 'sysnn', 'imate', 'tsido', 'bkpuq', 'ejdxk', 'myilz', 'wzxkm', 'zwqni', 'heixe', 'hxhzn', 'ylzok', 'fxfea', 'mcxjj', 'exwjz', 'lfaee', 'phhsd', 'zthot', 'tamok', 'tcudi']",189100,26776,67,String,sortBubbleSort,true,None,2025-02-11 16:41:55
TC_21,"['czjot', 'jifhp', 'qrrrk', 'kgkwm', 'uecrb', 'wljyc', 'ujudl', 'ywrce', 'vrtfi', 'hgzbr', 'ryhbk', 'cusui', 'rdxnm', 'nibfb', 'cxqjr', 'ttkov', 'jbeoe', 'ydfsg', 'psqwa', 'pitur', 'rnlfg', 'fmlaf', 'aqtog', 'rnxnc', 'uwvsv', 'bpsiz', 'ebwps', 'vissb', 'kgvwe', 'qesbp', 'tfhig', 'mfxhi', 'wzlsa', 'bknsr', 'jddex', 'satgk', 'iawdg', 'byqag', 'iaivs', 'krfiu', 'rnwse', 'bddep', 'avihg', 'ozvkw', 'mfubt', 'awnrz', 'jjjxg', 'wgtng', 'sysnn', 'imate', 'tsido', 'bkpuq', 'ejdxk', 'myilz', 'wzxkm', 'zwqni', 'heixe', 'hxhzn', 'ylzok', 'fxfea', 'mcxjj', 'exwjz', 'lfaee', 'phhsd', 'zthot', 'tamok', 'tcudi']",119600,26776,67,String,sortQuickSort,true,None,2025-02-11 16:41:55
TC_21,"['czjot', 'jifhp', 'qrrrk', 'kgkwm', 'uecrb', 'wljyc', 'ujudl', 'ywrce', 'vrtfi', 'hgzbr', 'ryhbk', 'cusui', 'rdxnm', 'nibfb', 'cxqjr', 'ttkov', 'jbeoe', 'ydfsg', 'psqwa', 'pitur', 'rnlfg', 'fmlaf', 'aqtog', 'rnxnc', 'uwvsv', 'bpsiz', 'ebwps', 'vissb', 'kgvwe', 'qesbp', 'tfhig', 'mfxhi', 'wzlsa', 'bknsr', 'jddex', 'satgk', 'iawdg', 'byqag', 'iaivs', 'krfiu', 'rnwse', 'bddep', 'avihg', 'ozvkw', 'mfubt', 'awnrz', 'jjjxg', 'wgtng', 'sysnn', 'imate', 'tsido', 'bkpuq', 'ejdxk', 'myilz', 'wzxkm', 'zwqni', 'heixe', 'hxhzn', 'ylzok', 'fxfea', 'mcxjj', 'exwjz', 'lfaee', 'phhsd', 'zthot', 'tamok', 'tcudi']",174400,26776,67,String,sortSelectionSort,true,None,2025-02-11 16:41:55
TC_21,"['czjot', 'jifhp', 'qrrrk', 'kgkwm', 'uecrb', 'wljyc', 'ujudl', 'ywrce', 'vrtfi', 'hgzbr', 'ryhbk', 'cusui', 'rdxnm', 'nibfb', 'cxqjr', 'ttkov', 'jbeoe', 'ydfsg', 'psqwa', 'pitur', 'rnlfg', 'fmlaf', 'aqtog', 'rnxnc', 'uwvsv', 'bpsiz', 'ebwps', 'vissb', 'kgvwe', 'qesbp', 'tfhig', 'mfxhi', 'wzlsa', 'bknsr', 'jddex', 'satgk', 'iawdg', 'byqag', 'iaivs', 'krfiu', 'rnwse', 'bddep', 'avihg', 'ozvkw', 'mfubt', 'awnrz', 'jjjxg', 'wgtng', 'sysnn', 'imate', 'tsido', 'bkpuq', 'ejdxk', 'myilz', 'wzxkm', 'zwqni', 'heixe', 'hxhzn', 'ylzok', 'fxfea', 'mcxjj', 'exwjz', 'lfaee', 'phhsd', 'zthot', 'tamok', 'tcudi']",125200,26776,67,String,sortInsertionSort,true,None,2025-02-11 16:41:55
TC_21,"['czjot', 'jifhp', 'qrrrk', 'kgkwm', 'uecrb', 'wljyc', 'ujudl', 'ywrce', 'vrtfi', 'hgzbr', 'ryhbk', 'cusui', 'rdxnm', 'nibfb', 'cxqjr', 'ttkov', 'jbeoe', 'ydfsg', 'psqwa', 'pitur', 'rnlfg', 'fmlaf', 'aqtog', 'rnxnc', 'uwvsv', 'bpsiz', 'ebwps', 'vissb', 'kgvwe', 'qesbp', 'tfhig', 'mfxhi', 'wzlsa', 'bknsr', 'jddex', 'satgk', 'iawdg', 'byqag', 'iaivs', 'krfiu', 'rnwse', 'bddep', 'avihg', 'ozvkw', 'mfubt', 'awnrz', 'jjjxg', 'wgtng', 'sysnn', 'imate', 'tsido', 'bkpuq', 'ejdxk', 'myilz', 'wzxkm', 'zwqni', 'heixe', 'hxhzn', 'ylzok', 'fxfea', 'mcxjj', 'exwjz', 'lfaee', 'phhsd', 'zthot', 'tamok', 'tcudi']",109900,26776,67,String,sortHeapSort,true,None,2025-02-11 16:41:55
TC_21,"['czjot', 'jifhp', 'qrrrk', 'kgkwm', 'uecrb', 'wljyc', 'ujudl', 'ywrce', 'vrtfi', 'hgzbr', 'ryhbk', 'cusui', 'rdxnm', 'nibfb', 'cxqjr', 'ttkov', 'jbeoe', 'ydfsg', 'psqwa', 'pitur', 'rnlfg', 'fmlaf', 'aqtog', 'rnxnc', 'uwvsv', 'bpsiz', 'ebwps', 'vissb', 'kgvwe', 'qesbp', 'tfhig', 'mfxhi', 'wzlsa', 'bknsr', 'jddex', 'satgk', 'iawdg', 'byqag', 'iaivs', 'krfiu', 'rnwse', 'bddep', 'avihg', 'ozvkw', 'mfubt', 'awnrz', 'jjjxg', 'wgtng', 'sysnn', 'imate', 'tsido', 'bkpuq', 'ejdxk', 'myilz', 'wzxkm', 'zwqni', 'heixe', 'hxhzn', 'ylzok', 'fxfea', 'mcxjj', 'exwjz', 'lfaee', 'phhsd', 'zthot', 'tamok', 'tcudi']",264200,26776,67,String,sortMergeSort,true,None,2025-02-11 16:41:55
TC_22,"[345, 679, 581, 30, 354, 297, 882, 780, 898, 674, 704, 562, 189, 137, 851, 129, 279, 371, 304, 18, 464, 957, 860, 93, 787, 759, 677]",287800,26616,27,Numeric,sortBubbleSort,true,None,2025-02-11 16:41:55
TC_22,"[345, 679, 581, 30, 354, 297, 882, 780, 898, 674, 704, 562, 189, 137, 851, 129, 279, 371, 304, 18, 464, 957, 860, 93, 787, 759, 677]",112200,26616,27,Numeric,sortQuickSort,true,None,2025-02-11 16:41:55
TC_22,"[345, 679, 581, 30, 354, 297, 882, 780, 898, 674, 704, 562, 189, 137, 851, 129, 279, 371, 304, 18, 464, 957, 860, 93, 787, 759, 677]",124500,26616,27,Numeric,sortSelectionSort,true,None,2025-02-11 16:41:55
TC_22,"[345, 679, 581, 30, 354, 297, 882, 780, 898, 674, 704, 562, 189, 137, 851, 129, 279, 371, 304, 18, 464, 957, 860, 93, 787, 759, 677]",94400,26616,27,Numeric,sortInsertionSort,true,None,2025-02-11 16:41:55
TC_22,"[345, 679, 581, 30, 354, 297, 882, 780, 898, 674, 704, 562, 189, 137, 851, 129, 279, 371, 304, 18, 464, 957, 860, 93, 787, 759, 677]",102400,26616,27,Numeric,sortHeapSort,true,None,2025-02-11 16:41:55
TC_22,"[345, 679, 581, 30, 354, 297, 882, 780, 898, 674, 704, 562, 189, 137, 851, 129, 279, 371, 304, 18, 464, 957, 860, 93, 787, 759, 677]",69700,26616,27,Numeric,sortMergeSort,true,None,2025-02-11 16:41:55
TC_23,"['azkyv', 'coekh', 'cilrj', 'qzryi', 'eteep', 'zqwyy', 'zvebb', 'cccdl', 'ldvit', 'vqmnu', 'sagku', 'yybbp', 'ajlff', 'yybxy', 'uiowx', 'vmxre', 'jzkcp', 'porjd', 'sxepz', 'fwboz', 'qfkhk', 'inqmz', 'hectm', 'icewj', 'dnhnm', 'bwsih', 'zkcne', 'zptsg', 'lelqo', 'ijjrj', 'sfwmn', 'bzaao', 'kivwi', 'wzacv']",110300,26640,34,String,sortBubbleSort,true,None,2025-02-11 16:41:55
TC_23,"['azkyv', 'coekh', 'cilrj', 'qzryi', 'eteep', 'zqwyy', 'zvebb', 'cccdl', 'ldvit', 'vqmnu', 'sagku', 'yybbp', 'ajlff', 'yybxy', 'uiowx', 'vmxre', 'jzkcp', 'porjd', 'sxepz', 'fwboz', 'qfkhk', 'inqmz', 'hectm', 'icewj', 'dnhnm', 'bwsih', 'zkcne', 'zptsg', 'lelqo', 'ijjrj', 'sfwmn', 'bzaao', 'kivwi', 'wzacv']",113600,26640,34,String,sortQuickSort,true,None,2025-02-11 16:41:55
TC_23,"['azkyv', 'coekh', 'cilrj', 'qzryi', 'eteep', 'zqwyy', 'zvebb', 'cccdl', 'ldvit', 'vqmnu', 'sagku', 'yybbp', 'ajlff', 'yybxy', 'uiowx', 'vmxre', 'jzkcp', 'porjd', 'sxepz', 'fwboz', 'qfkhk', 'inqmz', 'hectm', 'icewj', 'dnhnm', 'bwsih', 'zkcne', 'zptsg', 'lelqo', 'ijjrj', 'sfwmn', 'bzaao', 'kivwi', 'wzacv']",171100,26640,34,String,sortSelectionSort,true,None,2025-02-11 16:41:55
TC_23,"['azkyv', 'coekh', 'cilrj', 'qzryi', 'eteep', 'zqwyy', 'zvebb', 'cccdl', 'ldvit', 'vqmnu', 'sagku', 'yybbp', 'ajlff', 'yybxy', 'uiowx', 'vmxre', 'jzkcp', 'porjd', 'sxepz', 'fwboz', 'qfkhk', 'inqmz', 'hectm', 'icewj', 'dnhnm', 'bwsih', 'zkcne', 'zptsg', 'lelqo', 'ijjrj', 'sfwmn', 'bzaao', 'kivwi', 'wzacv']",211800,26640,34,String,sortInsertionSort,true,None,2025-02-11 16:41:55
TC_23,"['azkyv', 'coekh', 'cilrj', 'qzryi', 'eteep', 'zqwyy', 'zvebb', 'cccdl', 'ldvit', 'vqmnu', 'sagku', 'yybbp', 'ajlff', 'yybxy', 'uiowx', 'vmxre', 'jzkcp', 'porjd', 'sxepz', 'fwboz', 'qfkhk', 'inqmz', 'hectm', 'icewj', 'dnhnm', 'bwsih', 'zkcne', 'zptsg', 'lelqo', 'ijjrj', 'sfwmn', 'bzaao', 'kivwi', 'wzacv']",106700,26640,34,String,sortHeapSort,true,None,2025-02-11 16:41:55
TC_23,"['azkyv', 'coekh', 'cilrj', 'qzryi', 'eteep', 'zqwyy', 'zvebb', 'cccdl', 'ldvit', 'vqmnu', 'sagku', 'yybbp', 'ajlff', 'yybxy', 'uiowx', 'vmxre', 'jzkcp', 'porjd', 'sxepz', 'fwboz', 'qfkhk', 'inqmz', 'hectm', 'icewj', 'dnhnm', 'bwsih', 'zkcne', 'zptsg', 'lelqo', 'ijjrj', 'sfwmn', 'bzaao', 'kivwi', 'wzacv']",76200,26640,34,String,sortMergeSort,true,None,2025-02-11 16:41:55
TC_24,"[346, 410, 286, 983, 842, 810, 746, 271, 590, 494, 756, 334, 107, 101, 334, 606, 778, 471, 86, 229, 563, 322, 286, 701, 78, 543, 851]",84100,26616,27,Numeric,sortBubbleSort,true,None,2025-02-11 16:41:55
TC_24,"[346, 410, 286, 983, 842, 810, 746, 271, 590, 494, 756, 334, 107, 101, 334, 606, 778, 471, 86, 229, 563, 322, 286, 701, 78, 543, 851]",100700,26616,27,Numeric,sortQuickSort,true,None,2025-02-11 16:41:55
TC_24,"[346, 410, 286, 983, 842, 810, 746, 271, 590, 494, 756, 334, 107, 101, 334, 606, 778, 471, 86, 229, 563, 322, 286, 701, 78, 543, 851]",293600,26616,27,Numeric,sortSelectionSort,true,None,2025-02-11 16:41:55
TC_24,"[346, 410, 286, 983, 842, 810, 746, 271, 590, 494, 756, 334, 107, 101, 334, 606, 778, 471, 86, 229, 563, 322, 286, 701, 78, 543, 851]",100400,26616,27,Numeric,sortInsertionSort,true,None,2025-02-11 16:41:55
TC_24,"[346, 410, 286, 983, 842, 810, 746, 271, 590, 494, 756, 334, 107, 101, 334, 606, 778, 471, 86, 229, 563, 322, 286, 701, 78, 543, 851]",99100,26616,27,Numeric,sortHeapSort,true,None,2025-02-11 16:41:55
TC_24,"[346, 410, 286, 983, 842, 810, 746, 271, 590, 494, 756, 334, 107, 101, 334, 606, 778, 471, 86, 229, 563, 322, 286, 701, 78, 543, 851]",133900,26616,27,Numeric,sortMergeSort,true,None,2025-02-11 16:41:55
TC_25,"['enfmq', 'xtnea', 'hxgsf', 'shzaw', 'sdasa', 'eowzr', 'jibwh', 'sxnzi', 'xinxq', 'sxpmc', 'qnzbe', 'cutmm', 'fytxk', 'yisyq', 'bxtme', 'dwboo', 'vfxza', 'yqopw', 'xhdqu', 'nyiev', 'teseo', 'aqedu', 'mmxtf', 'bjsda', 'tqqlf', 'nsegn', 'tmsfn', 'faxil', 'rijdb', 'aikkg', 'ynupy', 'sakdg', 'zpigx', 'qdohm', 'mbcev', 'rfhwo', 'mlufx', 'nhlrc', 'acyvd', 'jrrkp', 'upmfh', 'xvjdt']",168800,26672,42,String,sortBubbleSort,true,None,2025-02-11 16:41:55
TC_25,"['enfmq', 'xtnea', 'hxgsf', 'shzaw', 'sdasa', 'eowzr', 'jibwh', 'sxnzi', 'xinxq', 'sxpmc', 'qnzbe', 'cutmm', 'fytxk', 'yisyq', 'bxtme', 'dwboo', 'vfxza', 'yqopw', 'xhdqu', 'nyiev', 'teseo', 'aqedu', 'mmxtf', 'bjsda', 'tqqlf', 'nsegn', 'tmsfn', 'faxil', 'rijdb', 'aikkg', 'ynupy', 'sakdg', 'zpigx', 'qdohm', 'mbcev', 'rfhwo', 'mlufx', 'nhlrc', 'acyvd', 'jrrkp', 'upmfh', 'xvjdt']",126600,26672,42,String,sortQuickSort,true,None,2025-02-11 16:41:56
TC_25,"['enfmq', 'xtnea', 'hxgsf', 'shzaw', 'sdasa', 'eowzr', 'jibwh', 'sxnzi', 'xinxq', 'sxpmc', 'qnzbe', 'cutmm', 'fytxk', 'yisyq', 'bxtme', 'dwboo', 'vfxza', 'yqopw', 'xhdqu', 'nyiev', 'teseo', 'aqedu', 'mmxtf', 'bjsda', 'tqqlf', 'nsegn', 'tmsfn', 'faxil', 'rijdb', 'aikkg', 'ynupy', 'sakdg', 'zpigx', 'qdohm', 'mbcev', 'rfhwo', 'mlufx', 'nhlrc', 'acyvd', 'jrrkp', 'upmfh', 'xvjdt']",184700,26672,42,String,sortSelectionSort,true,None,2025-02-11 16:41:56
TC_25,"['enfmq', 'xtnea', 'hxgsf', 'shzaw', 'sdasa', 'eowzr', 'jibwh', 'sxnzi', 'xinxq', 'sxpmc', 'qnzbe', 'cutmm', 'fytxk', 'yisyq', 'bxtme', 'dwboo', 'vfxza', 'yqopw', 'xhdqu', 'nyiev', 'teseo', 'aqedu', 'mmxtf', 'bjsda', 'tqqlf', 'nsegn', 'tmsfn', 'faxil', 'rijdb', 'aikkg', 'ynupy', 'sakdg', 'zpigx', 'qdohm', 'mbcev', 'rfhwo', 'mlufx', 'nhlrc', 'acyvd', 'jrrkp', 'upmfh', 'xvjdt']",153000,26672,42,String,sortInsertionSort,true,None,2025-02-11 16:41:56
TC_25,"['enfmq', 'xtnea', 'hxgsf', 'shzaw', 'sdasa', 'eowzr', 'jibwh', 'sxnzi', 'xinxq', 'sxpmc', 'qnzbe', 'cutmm', 'fytxk', 'yisyq', 'bxtme', 'dwboo', 'vfxza', 'yqopw', 'xhdqu', 'nyiev', 'teseo', 'aqedu', 'mmxtf', 'bjsda', 'tqqlf', 'nsegn', 'tmsfn', 'faxil', 'rijdb', 'aikkg', 'ynupy', 'sakdg', 'zpigx', 'qdohm', 'mbcev', 'rfhwo', 'mlufx', 'nhlrc', 'acyvd', 'jrrkp', 'upmfh', 'xvjdt']",156300,26672,42,String,sortHeapSort,true,None,2025-02-11 16:41:56
TC_25,"['enfmq', 'xtnea', 'hxgsf', 'shzaw', 'sdasa', 'eowzr', 'jibwh', 'sxnzi', 'xinxq', 'sxpmc', 'qnzbe', 'cutmm', 'fytxk', 'yisyq', 'bxtme', 'dwboo', 'vfxza', 'yqopw', 'xhdqu', 'nyiev', 'teseo', 'aqedu', 'mmxtf', 'bjsda', 'tqqlf', 'nsegn', 'tmsfn', 'faxil', 'rijdb', 'aikkg', 'ynupy', 'sakdg', 'zpigx', 'qdohm', 'mbcev', 'rfhwo', 'mlufx', 'nhlrc', 'acyvd', 'jrrkp', 'upmfh', 'xvjdt']",109400,26672,42,String,sortMergeSort,true,None,2025-02-11 16:41:56
TC_26,"['fykre', 'hzalr', 'mbykb', 'mlldw', 'vihou', 'linvw', 'sjooh', 'lapna', 'kilpi', 'ehfdn', 'eufhv', 'ujgjb', 'rpeap', 'zeibq', 'bxbxw', 'lesxb', 'oaknf', 'ohxyb', 'kxwyh', 'hzxtl', 'qsbuc', 'xqykv', 'zlsfa', 'dtrkt', 'oommk', 'kxdla', 'rwkru', 'gowje', 'jcdnl', 'eqaiq', 'dpria', 'nsisp', 'ndxvi', 'euuhd', 'tnfyp', 'vpczi', 'slmjq', 'itibh', 'yezwc', 'wrllu', 'mxtpd']",182800,26672,41,String,sortBubbleSort,true,None,2025-02-11 16:41:56
TC_26,"['fykre', 'hzalr', 'mbykb', 'mlldw', 'vihou', 'linvw', 'sjooh', 'lapna', 'kilpi', 'ehfdn', 'eufhv', 'ujgjb', 'rpeap', 'zeibq', 'bxbxw', 'lesxb', 'oaknf', 'ohxyb', 'kxwyh', 'hzxtl', 'qsbuc', 'xqykv', 'zlsfa', 'dtrkt', 'oommk', 'kxdla', 'rwkru', 'gowje', 'jcdnl', 'eqaiq', 'dpria', 'nsisp', 'ndxvi', 'euuhd', 'tnfyp', 'vpczi', 'slmjq', 'itibh', 'yezwc', 'wrllu', 'mxtpd']",88300,26672,41,String,sortQuickSort,true,None,2025-02-11 16:41:56
TC_26,"['fykre', 'hzalr', 'mbykb', 'mlldw', 'vihou', 'linvw', 'sjooh', 'lapna', 'kilpi', 'ehfdn', 'eufhv', 'ujgjb', 'rpeap', 'zeibq', 'bxbxw', 'lesxb', 'oaknf', 'ohxyb', 'kxwyh', 'hzxtl', 'qsbuc', 'xqykv', 'zlsfa', 'dtrkt', 'oommk', 'kxdla', 'rwkru', 'gowje', 'jcdnl', 'eqaiq', 'dpria', 'nsisp', 'ndxvi', 'euuhd', 'tnfyp', 'vpczi', 'slmjq', 'itibh', 'yezwc', 'wrllu', 'mxtpd']",159100,26672,41,String,sortSelectionSort,true,None,2025-02-11 16:41:56
TC_26,"['fykre', 'hzalr', 'mbykb', 'mlldw', 'vihou', 'linvw', 'sjooh', 'lapna', 'kilpi', 'ehfdn', 'eufhv', 'ujgjb', 'rpeap', 'zeibq', 'bxbxw', 'lesxb', 'oaknf', 'ohxyb', 'kxwyh', 'hzxtl', 'qsbuc', 'xqykv', 'zlsfa', 'dtrkt', 'oommk', 'kxdla', 'rwkru', 'gowje', 'jcdnl', 'eqaiq', 'dpria', 'nsisp', 'ndxvi', 'euuhd', 'tnfyp', 'vpczi', 'slmjq', 'itibh', 'yezwc', 'wrllu', 'mxtpd']",86500,26672,41,String,sortInsertionSort,true,None,2025-02-11 16:41:56
TC_26,"['fykre', 'hzalr', 'mbykb', 'mlldw', 'vihou', 'linvw', 'sjooh', 'lapna', 'kilpi', 'ehfdn', 'eufhv', 'ujgjb', 'rpeap', 'zeibq', 'bxbxw', 'lesxb', 'oaknf', 'ohxyb', 'kxwyh', 'hzxtl', 'qsbuc', 'xqykv', 'zlsfa', 'dtrkt', 'oommk', 'kxdla', 'rwkru', 'gowje', 'jcdnl', 'eqaiq', 'dpria', 'nsisp', 'ndxvi', 'euuhd', 'tnfyp', 'vpczi', 'slmjq', 'itibh', 'yezwc', 'wrllu', 'mxtpd']",94500,26672,41,String,sortHeapSort,true,None,2025-02-11 16:41:56
TC_26,"['fykre', 'hzalr', 'mbykb', 'mlldw', 'vihou', 'linvw', 'sjooh', 'lapna', 'kilpi', 'ehfdn', 'eufhv', 'ujgjb', 'rpeap', 'zeibq', 'bxbxw', 'lesxb', 'oaknf', 'ohxyb', 'kxwyh', 'hzxtl', 'qsbuc', 'xqykv', 'zlsfa', 'dtrkt', 'oommk', 'kxdla', 'rwkru', 'gowje', 'jcdnl', 'eqaiq', 'dpria', 'nsisp', 'ndxvi', 'euuhd', 'tnfyp', 'vpczi', 'slmjq', 'itibh', 'yezwc', 'wrllu', 'mxtpd']",75600,26672,41,String,sortMergeSort,true,None,2025-02-11 16:41:56
TC_27,"['hdpma', 'zxlmm', 'oecwd', 'nyoky', 'ebqyc', 'bawmz', 'mlaxf', 'ycvmq', 'tgoyu', 'zvodn', 'cbubx', 'blipd', 'esrtv', 'ufsrv', 'uuhkx', 'ynxzb', 'jsuyu', 'kpihw', 'ovwjt', 'khmoj', 'tzbpz', 'omzno', 'yneyu', 'qiipr', 'rviow', 'eunhb', 'xlrmj', 'safhy', 'whaiv', 'zaxkz', 'sbgfo', 'yvsly', 'qziis', 'mthwy', 'qvkyk', 'tcecs', 'mixao', 'bfjra', 'lmdnf', 'huxoe', 'lluqb', 'ncdgq', 'crfjy', 'iiobb', 'kfjgz', 'axppb', 'xwzwb', 'euqqo', 'zwofk', 'lpwde', 'etgqx', 'glynx', 'jmggp', 'pmnxm', 'kprdn', 'oavub', 'wleig', 'dmkej', 'dudlp', 'hlctc', 'xhbbl', 'dylkw', 'aueld', 'brqmd', 'uwypa', 'ogejl', 'qpyjp', 'axrgb', 'gdlko', 'kteye', 'itikv', 'ahprw', 'klrpy', 'ynzzy', 'zootj', 'aaifq', 'iqzsn', 'cnpgl', 'turck', 'oljdj', 'oangx', 'wkdza', 'ksyop', 'mmnim', 'jsdgt', 'wzgvw', 'fxqgt', 'zvokg', 'hozzc', 'hnxxm', 'ryfrf', 'bheaz', 'zcjih']",320500,26880,93,String,sortBubbleSort,true,None,2025-02-11 16:41:56
TC_27,"['hdpma', 'zxlmm', 'oecwd', 'nyoky', 'ebqyc', 'bawmz', 'mlaxf', 'ycvmq', 'tgoyu', 'zvodn', 'cbubx', 'blipd', 'esrtv', 'ufsrv', 'uuhkx', 'ynxzb', 'jsuyu', 'kpihw', 'ovwjt', 'khmoj', 'tzbpz', 'omzno', 'yneyu', 'qiipr', 'rviow', 'eunhb', 'xlrmj', 'safhy', 'whaiv', 'zaxkz', 'sbgfo', 'yvsly', 'qziis', 'mthwy', 'qvkyk', 'tcecs', 'mixao', 'bfjra', 'lmdnf', 'huxoe', 'lluqb', 'ncdgq', 'crfjy', 'iiobb', 'kfjgz', 'axppb', 'xwzwb', 'euqqo', 'zwofk', 'lpwde', 'etgqx', 'glynx', 'jmggp', 'pmnxm', 'kprdn', 'oavub', 'wleig', 'dmkej', 'dudlp', 'hlctc', 'xhbbl', 'dylkw', 'aueld', 'brqmd', 'uwypa', 'ogejl', 'qpyjp', 'axrgb', 'gdlko', 'kteye', 'itikv', 'ahprw', 'klrpy', 'ynzzy', 'zootj', 'aaifq', 'iqzsn', 'cnpgl', 'turck', 'oljdj', 'oangx', 'wkdza', 'ksyop', 'mmnim', 'jsdgt', 'wzgvw', 'fxqgt', 'zvokg', 'hozzc', 'hnxxm', 'ryfrf', 'bheaz', 'zcjih']",131900,26880,93,String,sortQuickSort,true,None,2025-02-11 16:41:56
TC_27,"['hdpma', 'zxlmm', 'oecwd', 'nyoky', 'ebqyc', 'bawmz', 'mlaxf', 'ycvmq', 'tgoyu', 'zvodn', 'cbubx', 'blipd', 'esrtv', 'ufsrv', 'uuhkx', 'ynxzb', 'jsuyu', 'kpihw', 'ovwjt', 'khmoj', 'tzbpz', 'omzno', 'yneyu', 'qiipr', 'rviow', 'eunhb', 'xlrmj', 'safhy', 'whaiv', 'zaxkz', 'sbgfo', 'yvsly', 'qziis', 'mthwy', 'qvkyk', 'tcecs', 'mixao', 'bfjra', 'lmdnf', 'huxoe', 'lluqb', 'ncdgq', 'crfjy', 'iiobb', 'kfjgz', 'axppb', 'xwzwb', 'euqqo', 'zwofk', 'lpwde', 'etgqx', 'glynx', 'jmggp', 'pmnxm', 'kprdn', 'oavub', 'wleig', 'dmkej', 'dudlp', 'hlctc', 'xhbbl', 'dylkw', 'aueld', 'brqmd', 'uwypa', 'ogejl', 'qpyjp', 'axrgb', 'gdlko', 'kteye', 'itikv', 'ahprw', 'klrpy', 'ynzzy', 'zootj', 'aaifq', 'iqzsn', 'cnpgl', 'turck', 'oljdj', 'oangx', 'wkdza', 'ksyop', 'mmnim', 'jsdgt', 'wzgvw', 'fxqgt', 'zvokg', 'hozzc', 'hnxxm', 'ryfrf', 'bheaz', 'zcjih']",282300,26880,93,String,sortSelectionSort,true,None,2025-02-11 16:41:56
TC_27,"['hdpma', 'zxlmm', 'oecwd', 'nyoky', 'ebqyc', 'bawmz', 'mlaxf', 'ycvmq', 'tgoyu', 'zvodn', 'cbubx', 'blipd', 'esrtv', 'ufsrv', 'uuhkx', 'ynxzb', 'jsuyu', 'kpihw', 'ovwjt', 'khmoj', 'tzbpz', 'omzno', 'yneyu', 'qiipr', 'rviow', 'eunhb', 'xlrmj', 'safhy', 'whaiv', 'zaxkz', 'sbgfo', 'yvsly', 'qziis', 'mthwy', 'qvkyk', 'tcecs', 'mixao', 'bfjra', 'lmdnf', 'huxoe', 'lluqb', 'ncdgq', 'crfjy', 'iiobb', 'kfjgz', 'axppb', 'xwzwb', 'euqqo', 'zwofk', 'lpwde', 'etgqx', 'glynx', 'jmggp', 'pmnxm', 'kprdn', 'oavub', 'wleig', 'dmkej', 'dudlp', 'hlctc', 'xhbbl', 'dylkw', 'aueld', 'brqmd', 'uwypa', 'ogejl', 'qpyjp', 'axrgb', 'gdlko', 'kteye', 'itikv', 'ahprw', 'klrpy', 'ynzzy', 'zootj', 'aaifq', 'iqzsn', 'cnpgl', 'turck', 'oljdj', 'oangx', 'wkdza', 'ksyop', 'mmnim', 'jsdgt', 'wzgvw', 'fxqgt', 'zvokg', 'hozzc', 'hnxxm', 'ryfrf', 'bheaz', 'zcjih']",184200,26880,93,String,sortInsertionSort,true,None,2025-02-11 16:41:56
TC_27,"['hdpma', 'zxlmm', 'oecwd', 'nyoky', 'ebqyc', 'bawmz', 'mlaxf', 'ycvmq', 'tgoyu', 'zvodn', 'cbubx', 'blipd', 'esrtv', 'ufsrv', 'uuhkx', 'ynxzb', 'jsuyu', 'kpihw', 'ovwjt', 'khmoj', 'tzbpz', 'omzno', 'yneyu', 'qiipr', 'rviow', 'eunhb', 'xlrmj', 'safhy', 'whaiv', 'zaxkz', 'sbgfo', 'yvsly', 'qziis', 'mthwy', 'qvkyk', 'tcecs', 'mixao', 'bfjra', 'lmdnf', 'huxoe', 'lluqb', 'ncdgq', 'crfjy', 'iiobb', 'kfjgz', 'axppb', 'xwzwb', 'euqqo', 'zwofk', 'lpwde', 'etgqx', 'glynx', 'jmggp', 'pmnxm', 'kprdn', 'oavub', 'wleig', 'dmkej', 'dudlp', 'hlctc', 'xhbbl', 'dylkw', 'aueld', 'brqmd', 'uwypa', 'ogejl', 'qpyjp', 'axrgb', 'gdlko', 'kteye', 'itikv', 'ahprw', 'klrpy', 'ynzzy', 'zootj', 'aaifq', 'iqzsn', 'cnpgl', 'turck', 'oljdj', 'oangx', 'wkdza', 'ksyop', 'mmnim', 'jsdgt', 'wzgvw', 'fxqgt', 'zvokg', 'hozzc', 'hnxxm', 'ryfrf', 'bheaz', 'zcjih']",125900,26880,93,String,sortHeapSort,true,None,2025-02-11 16:41:56
TC_27,"['hdpma', 'zxlmm', 'oecwd', 'nyoky', 'ebqyc', 'bawmz', 'mlaxf', 'ycvmq', 'tgoyu', 'zvodn', 'cbubx', 'blipd', 'esrtv', 'ufsrv', 'uuhkx', 'ynxzb', 'jsuyu', 'kpihw', 'ovwjt', 'khmoj', 'tzbpz', 'omzno', 'yneyu', 'qiipr', 'rviow', 'eunhb', 'xlrmj', 'safhy', 'whaiv', 'zaxkz', 'sbgfo', 'yvsly', 'qziis', 'mthwy', 'qvkyk', 'tcecs', 'mixao', 'bfjra', 'lmdnf', 'huxoe', 'lluqb', 'ncdgq', 'crfjy', 'iiobb', 'kfjgz', 'axppb', 'xwzwb', 'euqqo', 'zwofk', 'lpwde', 'etgqx', 'glynx', 'jmggp', 'pmnxm', 'kprdn', 'oavub', 'wleig', 'dmkej', 'dudlp', 'hlctc', 'xhbbl', 'dylkw', 'aueld', 'brqmd', 'uwypa', 'ogejl', 'qpyjp', 'axrgb', 'gdlko', 'kteye', 'itikv', 'ahprw', 'klrpy', 'ynzzy', 'zootj', 'aaifq', 'iqzsn', 'cnpgl', 'turck', 'oljdj', 'oangx', 'wkdza', 'ksyop', 'mmnim', 'jsdgt', 'wzgvw', 'fxqgt', 'zvokg', 'hozzc', 'hnxxm', 'ryfrf', 'bheaz', 'zcjih']",117700,26880,93,String,sortMergeSort,true,None,2025-02-11 16:41:56
TC_28,"['bkzrg', 'jujsa', 'sfuth', 'duais', 'gggxo', 'layuq', 'qkvxy', 'ddorb', 'ymkeb', 'zyvpx', 'srhvn', 'jqjly', 'deous', 'zorhv', 'rjbbc', 'nzgsn', 'kkshq', 'eezjn', 'gyytx', 'lbujm', 'zvrlu', 'xfrxw', 'fdpil', 'vwdsz', 'iunep', 'fcftr', 'cphax', 'tggfk', 'xmxon', 'ptmsy', 'fgian', 'dtprw', 'xyxwb', 'rpgtk', 'vxcdq', 'tvhdy', 'cuvtp', 'ohkit', 'uvrrf', 'vtlfu', 'qvdfa', 'mxbhm', 'xnpsf', 'dxuzi', 'hoywn', 'scgpg', 'ahjfc', 'vsxra', 'bbgfq', 'qypef', 'yjdud', 'dmrvq', 'epspi', 'dkkut', 'amsoy', 'tornj', 'ajywl', 'olzgy', 'qxckq']",183600,26744,59,String,sortBubbleSort,true,None,2025-02-11 16:41:56
TC_28,"['bkzrg', 'jujsa', 'sfuth', 'duais', 'gggxo', 'layuq', 'qkvxy', 'ddorb', 'ymkeb', 'zyvpx', 'srhvn', 'jqjly', 'deous', 'zorhv', 'rjbbc', 'nzgsn', 'kkshq', 'eezjn', 'gyytx', 'lbujm', 'zvrlu', 'xfrxw', 'fdpil', 'vwdsz', 'iunep', 'fcftr', 'cphax', 'tggfk', 'xmxon', 'ptmsy', 'fgian', 'dtprw', 'xyxwb', 'rpgtk', 'vxcdq', 'tvhdy', 'cuvtp', 'ohkit', 'uvrrf', 'vtlfu', 'qvdfa', 'mxbhm', 'xnpsf', 'dxuzi', 'hoywn', 'scgpg', 'ahjfc', 'vsxra', 'bbgfq', 'qypef', 'yjdud', 'dmrvq', 'epspi', 'dkkut', 'amsoy', 'tornj', 'ajywl', 'olzgy', 'qxckq']",77600,26744,59,String,sortQuickSort,true,None,2025-02-11 16:41:56
TC_28,"['bkzrg', 'jujsa', 'sfuth', 'duais', 'gggxo', 'layuq', 'qkvxy', 'ddorb', 'ymkeb', 'zyvpx', 'srhvn', 'jqjly', 'deous', 'zorhv', 'rjbbc', 'nzgsn', 'kkshq', 'eezjn', 'gyytx', 'lbujm', 'zvrlu', 'xfrxw', 'fdpil', 'vwdsz', 'iunep', 'fcftr', 'cphax', 'tggfk', 'xmxon', 'ptmsy', 'fgian', 'dtprw', 'xyxwb', 'rpgtk', 'vxcdq', 'tvhdy', 'cuvtp', 'ohkit', 'uvrrf', 'vtlfu', 'qvdfa', 'mxbhm', 'xnpsf', 'dxuzi', 'hoywn', 'scgpg', 'ahjfc', 'vsxra', 'bbgfq', 'qypef', 'yjdud', 'dmrvq', 'epspi', 'dkkut', 'amsoy', 'tornj', 'ajywl', 'olzgy', 'qxckq']",238900,26744,59,String,sortSelectionSort,true,None,2025-02-11 16:41:56
TC_28,"['bkzrg', 'jujsa', 'sfuth', 'duais', 'gggxo', 'layuq', 'qkvxy', 'ddorb', 'ymkeb', 'zyvpx', 'srhvn', 'jqjly', 'deous', 'zorhv', 'rjbbc', 'nzgsn', 'kkshq', 'eezjn', 'gyytx', 'lbujm', 'zvrlu', 'xfrxw', 'fdpil', 'vwdsz', 'iunep', 'fcftr', 'cphax', 'tggfk', 'xmxon', 'ptmsy', 'fgian', 'dtprw', 'xyxwb', 'rpgtk', 'vxcdq', 'tvhdy', 'cuvtp', 'ohkit', 'uvrrf', 'vtlfu', 'qvdfa', 'mxbhm', 'xnpsf', 'dxuzi', 'hoywn', 'scgpg', 'ahjfc', 'vsxra', 'bbgfq', 'qypef', 'yjdud', 'dmrvq', 'epspi', 'dkkut', 'amsoy', 'tornj', 'ajywl', 'olzgy', 'qxckq']",113500,26744,59,String,sortInsertionSort,true,None,2025-02-11 16:41:56
TC_28,"['bkzrg', 'jujsa', 'sfuth', 'duais', 'gggxo', 'layuq', 'qkvxy', 'ddorb', 'ymkeb', 'zyvpx', 'srhvn', 'jqjly', 'deous', 'zorhv', 'rjbbc', 'nzgsn', 'kkshq', 'eezjn', 'gyytx', 'lbujm', 'zvrlu', 'xfrxw', 'fdpil', 'vwdsz', 'iunep', 'fcftr', 'cphax', 'tggfk', 'xmxon', 'ptmsy', 'fgian', 'dtprw', 'xyxwb', 'rpgtk', 'vxcdq', 'tvhdy', 'cuvtp', 'ohkit', 'uvrrf', 'vtlfu', 'qvdfa', 'mxbhm', 'xnpsf', 'dxuzi', 'hoywn', 'scgpg', 'ahjfc', 'vsxra', 'bbgfq', 'qypef', 'yjdud', 'dmrvq', 'epspi', 'dkkut', 'amsoy', 'tornj', 'ajywl', 'olzgy', 'qxckq']",155500,26744,59,String,sortHeapSort,true,None,2025-02-11 16:41:56
TC_28,"['bkzrg', 'jujsa', 'sfuth', 'duais', 'gggxo', 'layuq', 'qkvxy', 'ddorb', 'ymkeb', 'zyvpx', 'srhvn', 'jqjly', 'deous', 'zorhv', 'rjbbc', 'nzgsn', 'kkshq', 'eezjn', 'gyytx', 'lbujm', 'zvrlu', 'xfrxw', 'fdpil', 'vwdsz', 'iunep', 'fcftr', 'cphax', 'tggfk', 'xmxon', 'ptmsy', 'fgian', 'dtprw', 'xyxwb', 'rpgtk', 'vxcdq', 'tvhdy', 'cuvtp', 'ohkit', 'uvrrf', 'vtlfu', 'qvdfa', 'mxbhm', 'xnpsf', 'dxuzi', 'hoywn', 'scgpg', 'ahjfc', 'vsxra', 'bbgfq', 'qypef', 'yjdud', 'dmrvq', 'epspi', 'dkkut', 'amsoy', 'tornj', 'ajywl', 'olzgy', 'qxckq']",81500,26744,59,String,sortMergeSort,true,None,2025-02-11 16:41:56
TC_29,"['hiuva', 'scczz', 'mduwo', 'gnuwr', 'vgbdr', 'ntvqa', 'fbebr', 'lhvob', 'wjfbd', 'issyf', 'vorzb', 'qnxbu', 'xhtpp', 'xlili', 'mmwyx', 'irtjz', 'mehfv', 'gsafq', 'pmrhj', 'ecbsg', 'qpnfl', 'rlkoe', 'diale']",110300,26600,23,String,sortBubbleSort,true,None,2025-02-11 16:41:56
TC_29,"['hiuva', 'scczz', 'mduwo', 'gnuwr', 'vgbdr', 'ntvqa', 'fbebr', 'lhvob', 'wjfbd', 'issyf', 'vorzb', 'qnxbu', 'xhtpp', 'xlili', 'mmwyx', 'irtjz', 'mehfv', 'gsafq', 'pmrhj', 'ecbsg', 'qpnfl', 'rlkoe', 'diale']",99600,26600,23,String,sortQuickSort,true,None,2025-02-11 16:41:56
TC_29,"['hiuva', 'scczz', 'mduwo', 'gnuwr', 'vgbdr', 'ntvqa', 'fbebr', 'lhvob', 'wjfbd', 'issyf', 'vorzb', 'qnxbu', 'xhtpp', 'xlili', 'mmwyx', 'irtjz', 'mehfv', 'gsafq', 'pmrhj', 'ecbsg', 'qpnfl', 'rlkoe', 'diale']",160100,26600,23,String,sortSelectionSort,true,None,2025-02-11 16:41:56
TC_29,"['hiuva', 'scczz', 'mduwo', 'gnuwr', 'vgbdr', 'ntvqa', 'fbebr', 'lhvob', 'wjfbd', 'issyf', 'vorzb', 'qnxbu', 'xhtpp', 'xlili', 'mmwyx', 'irtjz', 'mehfv', 'gsafq', 'pmrhj', 'ecbsg', 'qpnfl', 'rlkoe', 'diale']",70500,26600,23,String,sortInsertionSort,true,None,2025-02-11 16:41:56
TC_29,"['hiuva', 'scczz', 'mduwo', 'gnuwr', 'vgbdr', 'ntvqa', 'fbebr', 'lhvob', 'wjfbd', 'issyf', 'vorzb', 'qnxbu', 'xhtpp', 'xlili', 'mmwyx', 'irtjz', 'mehfv', 'gsafq', 'pmrhj', 'ecbsg', 'qpnfl', 'rlkoe', 'diale']",107400,26600,23,String,sortHeapSort,true,None,2025-02-11 16:41:56
TC_29,"['hiuva', 'scczz', 'mduwo', 'gnuwr', 'vgbdr', 'ntvqa', 'fbebr', 'lhvob', 'wjfbd', 'issyf', 'vorzb', 'qnxbu', 'xhtpp', 'xlili', 'mmwyx', 'irtjz', 'mehfv', 'gsafq', 'pmrhj', 'ecbsg', 'qpnfl', 'rlkoe', 'diale']",118900,26600,23,String,sortMergeSort,true,None,2025-02-11 16:41:56
TC_30,"[814, 498, 328, 273, 759, 724, 626, 436, 318, 594, 626, 913, 113, 64, 503, 565, 273, 583, 140, 512, 565, 710, 517, 480, 183, 26, 730, 535, 111, 203, 104, 348, 810, 317, 620, 479, 542, 260, 179, 574, 972, 31, 158, 109, 566, 857, 110, 584, 162, 27, 882, 494, 826, 230, 58, 378, 208, 121, 180, 825, 772, 177, 248, 752]",330900,26760,64,Numeric,sortBubbleSort,true,None,2025-02-11 16:41:56
TC_30,"[814, 498, 328, 273, 759, 724, 626, 436, 318, 594, 626, 913, 113, 64, 503, 565, 273, 583, 140, 512, 565, 710, 517, 480, 183, 26, 730, 535, 111, 203, 104, 348, 810, 317, 620, 479, 542, 260, 179, 574, 972, 31, 158, 109, 566, 857, 110, 584, 162, 27, 882, 494, 826, 230, 58, 378, 208, 121, 180, 825, 772, 177, 248, 752]",134300,26760,64,Numeric,sortQuickSort,true,None,2025-02-11 16:41:57
TC_30,"[814, 498, 328, 273, 759, 724, 626, 436, 318, 594, 626, 913, 113, 64, 503, 565, 273, 583, 140, 512, 565, 710, 517, 480, 183, 26, 730, 535, 111, 203, 104, 348, 810, 317, 620, 479, 542, 260, 179, 574, 972, 31, 158, 109, 566, 857, 110, 584, 162, 27, 882, 494, 826, 230, 58, 378, 208, 121, 180, 825, 772, 177, 248, 752]",195600,26760,64,Numeric,sortSelectionSort,true,None,2025-02-11 16:41:57
TC_30,"[814, 498, 328, 273, 759, 724, 626, 436, 318, 594, 626, 913, 113, 64, 503, 565, 273, 583, 140, 512, 565, 710, 517, 480, 183, 26, 730, 535, 111, 203, 104, 348, 810, 317, 620, 479, 542, 260, 179, 574, 972, 31, 158, 109, 566, 857, 110, 584, 162, 27, 882, 494, 826, 230, 58, 378, 208, 121, 180, 825, 772, 177, 248, 752]",119900,26760,64,Numeric,sortInsertionSort,true,None,2025-02-11 16:41:57
TC_30,"[814, 498, 328, 273, 759, 724, 626, 436, 318, 594, 626, 913, 113, 64, 503, 565, 273, 583, 140, 512, 565, 710, 517, 480, 183, 26, 730, 535, 111, 203, 104, 348, 810, 317, 620, 479, 542, 260, 179, 574, 972, 31, 158, 109, 566, 857, 110, 584, 162, 27, 882, 494, 826, 230, 58, 378, 208, 121, 180, 825, 772, 177, 248, 752]",135600,26760,64,Numeric,sortHeapSort,true,None,2025-02-11 16:41:57
TC_30,"[814, 498, 328, 273, 759, 724, 626, 436, 318, 594, 626, 913, 113, 64, 503, 565, 273, 583, 140, 512, 565, 710, 517, 480, 183, 26, 730, 535, 111, 203, 104, 348, 810, 317, 620, 479, 542, 260, 179, 574, 972, 31, 158, 109, 566, 857, 110, 584, 162, 27, 882, 494, 826, 230, 58, 378, 208, 121, 180, 825, 772, 177, 248, 752]",113000,26760,64,Numeric,sortMergeSort,true,None,2025-02-11 16:41:57
